,John,,,,Jessica,,,
Taxon,Percher,Flyer,Intermediate,Reference or reasoning,Percher,Flyer,Intermediate,Reference or reasoning
Lestidae - Spreadwings,,,,,,,,
"Archilestes californicus McLachlan, 1895 - California Spreadwing",x,,,,X,,,
"Archilestes grandis (Rambur, 1842) - Great Spreadwing",x,,,,X,,,
"Lestes alacer Hagen, 1861 - Plateau Spreadwing",x,,,,X,,,
"Lestes australis Walker, 1952 - Southern Spreadwing",x,,,,X,,,
"Lestes congener Hagen, 1861 - Spotted Spreadwing",x,,,,X,,,
"Lestes disjunctus Selys, 1862 - Northern Spreadwing",x,,,,X,,,
"Lestes dryas Kirby, 1890 - Emerald Spreadwing",x,,,,X,,,
"Lestes eurinus Say, 1839 - Amber-winged Spreadwing",x,,,,X,,,
"Lestes forcipatus Rambur, 1842 - Sweetflag Spreadwing",x,,,,X,,,
"Lestes forficula Rambur, 1842 - Rainpool Spreadwing",x,,,,X,,,
"Lestes inaequalis Walsh, 1862 - Elegant Spreadwing",x,,,,X,,,
"Lestes rectangularis Say, 1839 - Slender Spreadwing",x,,,,X,,,
"Lestes sigma Calvert, 1901 - Chalky Spreadwing",x,,,,X,,,
"Lestes spumarius Hagen in Selys, 1862 - Antillean Spreadwing",x,,,,X,,,
"Lestes stultus Hagen, 1861 - Black Spreadwing",x,,,,X,,,
"Lestes tenuatus Rambur, 1842 - Blue-striped Spreadwing",x,,,,X,,,
"Lestes unguiculatus Hagen, 1861 - Lyre-tipped Spreadwing",x,,,,X,,,
"Lestes vidua Hagen, 1861 - Carolina Spreadwing",x,,,,X,,,
"Lestes vigilax Hagen in Selys, 1862 - Swamp Spreadwing",x,,,,X,,,
,,,,,,,,
Platystictidae - Shadowdamsels,,,,,,,,
"Palaemnema domina Calvert, 1903 - Desert Shadowdamsel",x,,,,,,,
,,,,,,,,
Calopterygidae - Jewelwings,,,,,,,,
"Calopteryx aequabilis Say, 1839 - River Jewelwing",x,,,,X,,,
"Calopteryx amata Hagen, 1889 - Superb Jewelwing",x,,,,X,,,
"Calopteryx angustipennis (Selys, 1853) - Appalachian Jewelwing",x,,,,X,,,
"Calopteryx dimidiata Burmeister, 1839 - Sparkling Jewelwing",x,,,,X,,,
"Calopteryx maculata (Beauvois, 1805) - Ebony Jewelwing",x,,,,X,,,
"Hetaerina americana (Fabricius, 1798) - American Rubyspot",x,,,,X,,,
"Hetaerina calverti Vega-Sánchez, Mendoza-Cuenca & González-Soriano, 2020 - Cryptic Rubyspot",x,,,,X,,,
"Hetaerina titia (Drury, 1773) - Smoky Rubyspot",x,,,,X,,,
"Hetaerina vulnerata Hagen in Selys, 1853 - Canyon Rubyspot",x,,,,X,,,
,,,,,,,,
Coenagrionidae - Pond Damsels,,,,,,,,
"Acanthagrion quadratum Selys, 1876 - Mexican Wedgetail",x,,,,X,,,
"Amphiagrion abbreviatum (Selys, 1876) - Western Red Damsel",x,,,,X,,,
"Amphiagrion saucium (Burmeister, 1839) - Eastern Red Damsel",x,,,,X,,,
"Apanisagrion lais (Selys, 1876) - Black-and-white Damsel",x,,,,X,,,
"Argia agrioides Calvert, 1895 - California Dancer",x,,,,X,,,
"Argia alberta Kennedy, 1918 - Paiute Dancer",x,,,,X,,,
"Argia anceps Garrison, 1996 - Cerulean Dancer",x,,,,X,,,
"Argia apicalis (Say, 1839) - Blue-fronted Dancer",x,,,,X,,,
"Argia barretti Calvert, 1902 - Comanche Dancer",x,,,,X,,,
"Argia bipunctulata (Hagen, 1861) - Seepage Dancer",x,,,,X,,,
"Argia carlcooki Daigle, 1995 - Yaqui Dancer",x,,,,X,,,
"Argia cuprea (Hagen, 1861) - Coppery Dancer",x,,,,X,,,
"Argia emma Kennedy, 1915 - Emma’s Dancer",x,,,,X,,,
"Argia extranea (Hagen, 1861) - Spine-tipped Dancer",x,,,,X,,,
"Argia fumipennis (Burmeister, 1839) - Variable Dancer",x,,,,X,,,
"Argia funebris Hagen, 1861 - Springwater Dancer",x,,,,X,,,
"Argia harknessi Calvert, 1899 - Harkness’s Dancer",x,,,,X,,,
"Argia hinei Kennedy, 1918 - Lavender Dancer",x,,,,X,,,
"Argia immunda (Hagen, 1861) - Kiowa Dancer",x,,,,X,,,
"Argia lacrimans (Hagen, 1861) - Sierra Madre Dancer",x,,,,X,,,
"Argia leonorae Garrison, 1994 - Leonora’s Dancer",x,,,,X,,,
"Argia lugens (Hagen, 1861) - Sooty Dancer",x,,,,X,,,
"Argia moesta (Hagen, 1861) - Powdered Dancer",x,,,,X,,,
"Argia munda Calvert, 1902 - Apache Dancer",x,,,,X,,,
"Argia nahuana Calvert, 1902 - Aztec Dancer",x,,,,X,,,
"Argia oculata Hagen in Selys, 1865 - Oculate Dancer",x,,,,X,,,
"Argia oenea Hagen in Selys, 1865 - Fiery-eyed Dancer",x,,,,X,,,
"Argia pallens Calvert, 1902 - Amethyst Dancer",x,,,,X,,,
"Argia pima Garrison, 1994 - Pima Dancer",x,,,,X,,,
"Argia rhoadsi Calvert, 1902 - Golden-winged Dancer",x,,,,X,,,
"Argia sabino Garrison, 1994 - Sabino Dancer",x,,,,X,,,
"Argia sedula (Hagen, 1861) - Blue-ringed Dancer",x,,,,X,,,
"Argia tarascana Calvert, 1902 - Tarascan Dancer",x,,,,X,,,
"Argia tezpi Calvert, 1902 - Tezpi Dancer",x,,,,X,,,
"Argia tibialis (Rambur, 1842) - Blue-tipped Dancer",x,,,,X,,,
"Argia tonto Calvert, 1902 - Tonto Dancer",x,,,,X,,,
"Argia translata Hagen in Selys, 1865 - Dusky Dancer",x,,,,X,,,
"Argia vivida Hagen in Selys, 1865 - Vivid Dancer",x,,,,X,,,
"Chromagrion conditum (Selys, 1876) - Aurora Damsel",x,,,,X,,,
"Coenagrion angulatum Walker, 1912 - Prairie Bluet",x,,,,X,,,
"Coenagrion interrogatum (Hagen in Selys, 1876) - Subarctic Bluet",x,,,,X,,,
"Coenagrion resolutum (Hagen in Selys, 1876) - Taiga Bluet",x,,,,X,,,
"Enallagma anna Williamson, 1900 - River Bluet",x,,,,X,,,
"Enallagma annexum (Hagen, 1861) - Northern Bluet",x,,,,X,,,
"Enallagma antennatum (Say, 1839) - Rainbow Bluet",x,,,,X,,,
"Enallagma aspersum (Hagen, 1861) - Azure Bluet",x,,,,X,,,
"Enallagma basidens Calvert, 1902 - Double-striped Bluet",x,,,,X,,,
"Enallagma boreale Selys, 1875 - Boreal Bluet",x,,,,X,,,
"Enallagma cardenium Selys, 1876 - Purple Bluet",x,,,,X,,,
"Enallagma carunculatum Morse, 1895 - Tule Bluet",x,,,,X,,,
"Enallagma civile (Hagen, 1861) - Familiar Bluet",x,,,,X,,,
"Enallagma clausum Morse, 1895 - Alkali Bluet",x,,,,X,,,
"Enallagma concisum Williamson, 1922 - Cherry Bluet",x,,,,X,,,
"Enallagma daeckii (Calvert, 1903) - Attenuated Bluet",x,,,,X,,,
"Enallagma davisi Westfall, 1943 - Sandhill Bluet",x,,,,X,,,
"Enallagma divagans Selys, 1876 - Turquoise Bluet",x,,,,X,,,
"Enallagma doubledayi (Selys, 1850) - Atlantic Bluet",x,,,,X,,,
"Enallagma dubium Root, 1924 - Burgundy Bluet",x,,,,X,,,
"Enallagma durum (Hagen, 1861) - Big Bluet",x,,,,X,,,
"Enallagma ebrium (Hagen, 1861) - Marsh Bluet",x,,,,X,,,
"Enallagma eiseni Calvert, 1895 - Baja Bluet",x,,,,X,,,
"Enallagma exsulans (Hagen, 1861) - Stream Bluet",x,,,,X,,,
"Enallagma geminatum Kellicott, 1895 - Skimming Bluet",x,,,,X,,,
"Enallagma hageni (Walsh, 1863) - Hagen’s Bluet",x,,,,X,,,
"Enallagma laterale Morse, 1895 - New England Bluet",x,,,,X,,,
"Enallagma minusculum Morse, 1895 - Little Bluet",x,,,,X,,,
"Enallagma novaehispaniae Calvert, 1907 - Neotropical Bluet",x,,,,X,,,
"Enallagma pallidum Root, 1923 - Pale Bluet",x,,,,X,,,
"Enallagma pictum Morse, 1895 - Scarlet Bluet",x,,,,X,,,
"Enallagma pollutum (Hagen, 1861) - Florida Bluet",x,,,,X,,,
"Enallagma praevarum (Hagen, 1861) - Arroyo Bluet",x,,,,X,,,
"Enallagma recurvatum Davis, 1913 - Pine Barrens Bluet",x,,,,X,,,
"Enallagma semicirculare Selys, 1876 - Claw-tipped Bluet",x,,,,X,,,
"Enallagma signatum (Hagen, 1861) - Orange Bluet",x,,,,X,,,
"Enallagma sulcatum Williamson, 1922 - Golden Bluet",x,,,,X,,,
"Enallagma traviatum Selys, 1876 - Slender Bluet",x,,,,X,,,
"Enallagma vernale Gloyd, 1943 - Vernal Bluet",x,,,,X,,,
"Enallagma vesperum Calvert, 1919 - Vesper Bluet",x,,,,X,,,
"Enallagma weewa Byers, 1927 - Blackwater Bluet",x,,,,X,,,
"Hesperagrion heterodoxum (Selys, 1868) - Painted Damsel",x,,,,X,,,
"Ischnura barberi Currie, 1903 - Desert Forktail",x,,,,X,,,
"Ischnura cervula Selys, 1876 - Pacific Forktail",x,,,,X,,,
"Ischnura damula Calvert, 1902 - Plains Forktail",x,,,,X,,,
"Ischnura demorsa (Hagen, 1861) - Mexican Forktail",x,,,,X,,,
"Ischnura denticollis (Burmeister, 1839) - Black-fronted Forktail",x,,,,X,,,
"Ischnura erratica Calvert, 1895 - Swift Forktail",x,,,,X,,,
"Ischnura gemina (Kennedy, 1917) - San Francisco Forktail",x,,,,X,,,
"Ischnura hastata (Say, 1839) - Citrine Forktail",x,,,,X,,,
"Ischnura kellicotti Williamson, 1898 - Lilypad Forktail",x,,,,X,,,
"Ischnura perparva McLachlan in Selys, 1876 - Western Forktail",x,,,,X,,,
"Ischnura posita (Hagen, 1861) - Fragile Forktail",x,,,,X,,,
"Ischnura prognata (Hagen, 1861) - Furtive Forktail",x,,,,X,,,
"Ischnura ramburii (Selys, 1850) - Rambur’s Forktail",x,,,,X,,,
"Ischnura verticalis (Say, 1839) - Eastern Forktail",x,,,,X,,,
"Leptobasis lucifer (Donnelly, 1967) - Lucifer Swampdamsel",x,,,,X,,,
"Leptobasis melinogaster González-Soriano, 2002 - Cream-tipped Swampdamsel",x,,,,X,,,
"Leptobasis vacillans Hagen in Selys, 1877 - Red-tipped Swampdamsel",x,,,,X,,,
"Nehalennia gracilis Morse, 1895 - Sphagnum Sprite",x,,,,X,,,
"Nehalennia integricollis Calvert, 1913 - Southern Sprite",x,,,,X,,,
"Nehalennia irene (Hagen, 1861) - Sedge Sprite",x,,,,X,,,
"Nehalennia minuta (Selys in Sagra, 1857) - Tropical Sprite",x,,,,X,,,
"Nehalennia pallidula Calvert, 1913 - Everglades Sprite",x,,,,X,,,
"Neoerythromma cultellatum (Selys, 1876) - Caribbean Yellowface",x,,,,X,,,
"Neoneura aaroni Calvert, 1903 - Coral-fronted Threadtail",x,,,,X,,,
"Neoneura amelia Calvert, 1903 - Amelia’s Threadtail",x,,,,X,,,
"Protoneura cara Calvert, 1903 - Orange-striped Threadtail",x,,,,X,,,
"Telebasis byersi Westfall, 1957 - Duckweed Firetail",x,,,,X,,,
"Telebasis digiticollis Calvert, 1902 - Marsh Firetail",x,,,,X,,,
"Telebasis salva (Hagen, 1861) - Desert Firetail",x,,,,X,,,
"Zoniagrion exclamationis (Selys, 1876) - Exclamation Damsel",x,,,,X,,,
,,,,,,,,
Petaluridae - Petaltails,,,,,,,,
"Tachopteryx thoreyi (Hagen in Selys, 1858) - Gray Petaltail",,,x,,,,X,
"Tanypteryx hageni (Selys, 1879) - Black Petaltail",,,x,,,,X,
,,,,,,,,
Aeshnidae - Darners,,,,,,,,
"Aeshna canadensis Walker, 1908 - Canada Darner",,x,,,,X,,
"Aeshna clepsydra Say, 1839 - Mottled Darner",,x,,,,X,,
"Aeshna constricta Say, 1839 - Lance-tipped Darner",,x,,,,X,,
"Aeshna eremita Scudder, 1866 - Lake Darner",,x,,,,X,,
"Aeshna interrupta Walker, 1908 - Variable Darner",,x,,,,X,,
"Aeshna juncea (Linnaeus, 1758) - Sedge Darner",,x,,,,X,,
"Aeshna palmata Hagen, 1856 - Paddle-tailed Darner",,x,,,,X,,
"Aeshna persephone Donnelly, 1961 - Persephone’s Darner",,x,,,,X,,
"Aeshna septentrionalis Burmeister, 1839 - Azure Darner",,x,,,,X,,
"Aeshna sitchensis Hagen, 1861 - Zigzag Darner",,x,,,,X,,
"Aeshna subarctica Walker, 1908 - Subarctic Darner",,x,,,,X,,
"Aeshna tuberculifera Walker, 1908 - Black-tipped Darner",,x,,,,X,,
"Aeshna umbrosa Walker, 1908 - Shadow Darner",,x,,,,X,,
"Aeshna verticalis Hagen, 1861 - Green-striped Darner",,x,,,,X,,
"Aeshna walkeri Kennedy, 1917 - Walker’s Darner",,x,,,,X,,
"Anax amazili (Burmeister, 1839) - Amazon Darner",,x,,,,X,,
"Anax concolor Brauer, 1865 - Blue-spotted Comet Darner",,x,,,,X,,
"Anax junius (Drury, 1773) - Common Green Darner",,x,,,,X,,
"Anax longipes Hagen, 1861 - Comet Darner",,x,,,,X,,
"Anax walsinghami McLachlan, 1883 - Giant Darner",,x,,,,X,,
"Basiaeschna janata (Say, 1839) - Springtime Darner",x,,,,,X,,
"Boyeria grafiana Williamson, 1907 - Ocellated Darner",x,,,,,X,,
"Boyeria vinosa (Say, 1839) - Fawn Darner",x,,,,,X,,
"Coryphaeschna adnexa (Hagen, 1861) - Blue-faced Darner",,x,,,,X,,
"Coryphaeschna apeora Paulson, 1994 - Icarus Darner",,x,,,,X,,
"Coryphaeschna ingens (Rambur, 1842) - Regal Darner",,x,,,,X,,
"Coryphaeschna viriditas Calvert, 1952 - Mangrove Darner",,x,,,,X,,
"Epiaeschna heros (Fabricius, 1798) - Swamp Darner",,x,,,,X,,
"Gomphaeschna antilope (Hagen, 1874) - Taper-tailed Darner",x,,,,,X,,
"Gomphaeschna furcillata (Say, 1839) - Harlequin Darner",x,,,,,X,,
"Gynacantha mexicana Selys, 1868 - Bar-sided Darner",,x,,,,X,,
"Gynacantha nervosa Rambur, 1842 - Twilight Darner",,x,,,,X,,
"Nasiaeschna pentacantha (Rambur, 1842) - Cyrano Darner",,x,,,,X,,
"Oplonaeschna armata (Hagen, 1861) - Riffle Darner",,x,,,,X,,
"Remartinia luteipennis (Burmeister, 1839) - Malachite Darner",,x,,,,X,,
"Remartinia secreta (Calvert, 1952) - Secretive Darner",,x,,,,X,,
"Rhionaeschna californica (Calvert, 1895) - California Darner",,x,,,,X,,
"Rhionaeschna dugesi (Calvert, 1905) - Arroyo Darner",,x,,,,X,,
"Rhionaeschna multicolor (Hagen, 1861) - Blue-eyed Darner",,x,,,,X,,
"Rhionaeschna mutata (Hagen, 1861) - Spatterdock Darner",,x,,,,X,,
"Rhionaeschna psilus (Calvert, 1947) - Turquoise-tipped Darner",,x,,,,X,,
"Triacanthagyna caribbea Williamson, 1923 - Caribbean Darner",,x,,,,X,,
"Triacanthagyna septima (Selys in Sagra, 1857) - Pale-green Darner",,x,,,,X,,
"Triacanthagyna trifida (Rambur, 1842) - Phantom Darner",,,,,,,,
,,,,,,,,
Gomphidae - Clubtails,,,,,,,,
"Aphylla angustifolia Garrison, 1986 - Broad-striped Forceptail",x,,,,X,,,
"Aphylla protracta (Hagen in Selys, 1859) - Narrow-striped Forceptail",x,,,,X,,,
"Aphylla williamsoni (Gloyd, 1936) - Two-striped Forceptail",x,,,,X,,,
"Arigomphus cornutus (Tough, 1900) - Horned Clubtail",x,,,,X,,,
"Arigomphus furcifer (Hagen in Selys, 1878) - Lilypad Clubtail",x,,,,X,,,
"Arigomphus lentulus (Needham, 1902) - Stillwater Clubtail",x,,,,X,,,
"Arigomphus maxwelli (Ferguson, 1950) - Bayou Clubtail",x,,,,X,,,
"Arigomphus pallidus (Rambur, 1842) - Gray-green Clubtail",x,,,,X,,,
"Arigomphus submedianus (Williamson, 1914 ) - Jade Clubtail",x,,,,X,,,
"Arigomphus villosipes (Selys, 1854) - Unicorn Clubtail",x,,,,X,,,
"Dromogomphus armatus Selys, 1854 - Southeastern Spinyleg",x,,,,X,,,
"Dromogomphus spinosus Selys, 1854 - Black-shouldered Spinyleg",x,,,,X,,,
"Dromogomphus spoliatus (Hagen in Selys, 1858) - Flag-tailed Spinyleg",x,,,,X,,,
"Erpetogomphus compositus Hagen in Selys, 1858 - White-belted Ringtail",x,,,,X,,,
"Erpetogomphus crotalinus (Hagen in Selys, 1854) - Yellow-legged Ringtail",x,,,,X,,,
"Erpetogomphus designatus Hagen in Selys, 1858 - Eastern Ringtail",x,,,,X,,,
"Erpetogomphus elaps Selys, 1857 - Straight-tipped Ringtail",x,,,,X,,,
"Erpetogomphus eutainia Calvert, 1905 - Blue-faced Ringtail",x,,,,X,,,
"Erpetogomphus heterodon Garrison, 1994 - Dashed Ringtail",x,,,,X,,,
"Erpetogomphus lampropeltis Kennedy, 1918 - Serpent Ringtail",x,,,,X,,,
"Erpetogomphus molossus Bailowitz, Danforth & Upson, 2013 - Black-tailed Ringtail",x,,,,X,,,
"Gomphurus crassus (Hagen in Selys, 1878) - Handsome Clubtail",x,,,,X,,,
"Gomphurus dilatatus (Rambur, 1842) - Blackwater Clubtail",x,,,,X,,,
"Gomphurus externus (Hagen in Selys, 1858) - Plains Clubtail",x,,,,X,,,
"Gomphurus fraternus (Say, 1839) - Midland Clubtail",x,,,,X,,,
"Gomphurus gonzalezi (Dunkle, 1992) - Tamaulipan Clubtail",x,,,,X,,,
"Gomphurus hybridus (Williamson, 1902) - Cocoa Clubtail",x,,,,X,,,
"Gomphurus lineatifrons (Calvert, 1921) - Splendid Clubtail",x,,,,X,,,
"Gomphurus lynnae (Paulson, 1983) - Columbia Clubtail",x,,,,X,,,
"Gomphurus modestus (Needham, 1942) - Gulf Coast Clubtail",x,,,,X,,,
"Gomphurus ozarkensis (Westfall, 1975) - Ozark Clubtail",x,,,,X,,,
"Gomphurus septima (Westfall, 1956) - Septima’s Clubtail",x,,,,X,,,
"Gomphurus vastus (Walsh, 1862) - Cobra Clubtail",x,,,,X,,,
"Gomphurus ventricosus (Walsh, 1863) - Skillet Clubtail",x,,,,X,,,
"Hagenius brevistylus Selys, 1854 - Dragonhunter",x,,,,X,,,
"Hylogomphus abbreviatus (Hagen in Selys, 1878) - Spine-crowned Clubtail",x,,,,X,,,
"Hylogomphus adelphus (Selys, 1858) - Mustached Clubtail",x,,,,X,,,
"Hylogomphus apomyius (Donnelly, 1966) - Banner Clubtail",x,,,,X,,,
"Hylogomphus geminatus (Carle, 1979) - Twin-striped Clubtail",x,,,,X,,,
"Hylogomphus parvidens (Currie, 1917) - Piedmont Clubtail",x,,,,X,,,
"Hylogomphus viridifrons (Hine, 1901) - Green-faced Clubtail",x,,,,X,,,
"Lanthus parvulus (Selys, 1854) - Northern Pygmy Clubtail",x,,,,X,,,
"Lanthus vernalis Carle, 1980 - Southern Pygmy Clubtail",x,,,,X,,,
"Octogomphus specularis (Hagen in Selys, 1859) - Grappletail",x,,,,X,,,
"Ophiogomphus acuminatus Carle, 1981 - Acuminate Snaketail",x,,,,X,,,
"Ophiogomphus anomalus Harvey, 1898 - Extra-striped Snaketail",x,,,,X,,,
"Ophiogomphus arizonicus Kennedy, 1917 - Arizona Snaketail",x,,,,X,,,
"Ophiogomphus aspersus Morse, 1895 - Brook Snaketail",x,,,,X,,,
"Ophiogomphus australis Carle, 1992 - Southern Snaketail",x,,,,X,,,
"Ophiogomphus bison Selys, 1873 - Bison Snaketail",x,,,,X,,,
"Ophiogomphus carolus Needham, 1897 - Riffle Snaketail",x,,,,X,,,
"Ophiogomphus colubrinus Selys, 1854 - Boreal Snaketail",x,,,,X,,,
"Ophiogomphus edmundo Needham, 1951 - Edmund’s Snaketail",x,,,,X,,,
"Ophiogomphus howei Bromley, 1924 - Pygmy Snaketail",x,,,,X,,,
"Ophiogomphus incurvatus Carle, 1982 - Appalachian Snaketail",x,,,,X,,,
"Ophiogomphus mainensis Packard in Walsh, 1863 - Maine Snaketail",x,,,,X,,,
"Ophiogomphus morrisoni Selys, 1879 - Great Basin Snaketail",x,,,,X,,,
"Ophiogomphus occidentis Hagen, 1885 - Sinuous Snaketail",x,,,,X,,,
"Ophiogomphus rupinsulensis (Walsh, 1862) - Rusty Snaketail",x,,,,X,,,
"Ophiogomphus severus Hagen in Hayden, 1874 - Pale Snaketail",x,,,,X,,,
"Ophiogomphus smithi Tennessen and Vogt, 2004 - Sioux Snaketail",x,,,,X,,,
"Ophiogomphus susbehcha Vogt and Smith, 1993 - St. Croix Snaketail",x,,,,X,,,
"Ophiogomphus westfalli Cook and Daigle, 1985 - Westfall’s Snaketail",x,,,,X,,,
"Phanogomphus australis (Needham, 1897) - Clearlake Clubtail",x,,,,X,,,
"Phanogomphus borealis (Needham, 1901) - Beaverpond Clubtail",x,,,,X,,,
"Phanogomphus cavillaris (Needham, 1902) - Sandhill Clubtail",x,,,,X,,,
"Phanogomphus descriptus (Banks, 1896) - Harpoon Clubtail",x,,,,X,,,
"Phanogomphus diminutus (Needham, 1950) - Diminutive Clubtail",x,,,,X,,,
"Phanogomphus exilis (Selys, 1854) - Lancet Clubtail",x,,,,X,,,
"Phanogomphus graslinellus (Walsh, 1862) - Pronghorn Clubtail",x,,,,X,,,
"Phanogomphus hodgesi (Needham, 1950) - Hodges’s Clubtail",x,,,,X,,,
"Phanogomphus kurilis (Hagen in Selys, 1858) - Pacific Clubtail",x,,,,X,,,
"Phanogomphus lividus (Selys, 1854) - Ashy Clubtail",x,,,,X,,,
"Phanogomphus militaris (Hagen in Selys, 1858) - Sulphur-tipped Clubtail",x,,,,X,,,
"Phanogomphus minutus (Rambur, 1842) - Cypress Clubtail",x,,,,X,,,
"Phanogomphus oklahomensis (Pritchard, 1935) - Oklahoma Clubtail",x,,,,X,,,
"Phanogomphus quadricolor (Walsh, 1863) - Rapids Clubtail",x,,,,X,,,
"Phanogomphus sandrius (Tennessen, 1983) - Tennessee Clubtail",x,,,,X,,,
"Phanogomphus spicatus (Hagen in Selys, 1854) - Dusky Clubtail",x,,,,X,,,
"Phanogomphus westfalli (Carle & May, 1987) - Westfall’s Clubtail",x,,,,X,,,
"Phyllocycla breviphylla Belle, 1975 - Ringed Forceptail",x,,,,X,,,
"Phyllogomphoides albrighti (Needham, 1950) - Five-striped Leaftail",x,,,,X,,,
"Phyllogomphoides nayaritensis Belle, 1987 - West Mexican Leaftail",x,,,,X,,,
"Phyllogomphoides stigmatus (Say, 1839) - Four-striped Leaftail",x,,,,X,,,
"Progomphus alachuensis Byers, 1939 - Tawny Sanddragon",x,,,,X,,,
"Progomphus bellei Knopf and Tennessen, 1980 - Belle’s Sanddragon",x,,,,X,,,
"Progomphus borealis McLachlan in Selys, 1873 - Gray Sanddragon",x,,,,X,,,
"Progomphus obscurus (Rambur, 1842) - Common Sanddragon",x,,,,X,,,
"Stenogomphurus consanguis (Selys, 1879) - Cherokee Clubtail",x,,,,X,,,
"Stenogomphurus rogersi (Gloyd, 1936) - Sable Clubtail",x,,,,X,,,
"Stylogomphus albistylus (Hagen in Selys, 1878) - Eastern Least Clubtail",x,,,,X,,,
"Stylogomphus sigmastylus Cook and Laudermilk, 2004 - Interior Least Clubtail",x,,,,X,,,
"Stylurus amnicola (Walsh, 1862) - Riverine Clubtail",x,,,,X,,,
"Stylurus intricatus (Hagen in Selys, 1858) - Brimstone Clubtail",x,,,,X,,,
"Stylurus ivae Williamson, 1932 - Shining Clubtail",x,,,,X,,,
"Stylurus laurae Williamson, 1932 - Laura’s Clubtail",x,,,,X,,,
"Stylurus notatus (Rambur, 1842) - Elusive Clubtail",x,,,,X,,,
"Stylurus olivaceus (Selys, 1873) - Olive Clubtail",x,,,,X,,,
"Stylurus plagiatus (Selys, 1854) - Russet-tipped Clubtail",x,,,,X,,,
"Stylurus potulentus (Needham, 1942) - Yellow-sided Clubtail",x,,,,X,,,
"Stylurus scudderi (Selys, 1873) - Zebra Clubtail",x,,,,X,,,
"Stylurus spiniceps (Walsh, 1862) - Arrow Clubtail",x,,,,X,,,
"Stylurus townesi Gloyd, 1936 - Townes’s Clubtail",x,,,,X,,,
,,,,,,,,
Cordulegastridae - Spiketails,,,,,,,,
"Cordulegaster bilineata (Carle, 1983) - Brown Spiketail",,x,,,,X,,
"Cordulegaster diadema Selys, 1868 - Apache Spiketail",,x,,,,X,,
"Cordulegaster diastatops (Selys, 1854) - Delta-spotted Spiketail",,x,,,,X,,
"Cordulegaster dorsalis Hagen in Selys, 1858 - Pacific Spiketail",,x,,,,X,,
"Cordulegaster erronea Hagen in Selys, 1878 - Tiger Spiketail",,x,,,,X,,
"Cordulegaster maculata Selys, 1854 - Twin-spotted Spiketail",,x,,,,X,,
"Cordulegaster obliqua (Say, 1839) - Arrowhead Spiketail",,x,,,,X,,
"Cordulegaster sarracenia Abbott & Hibbitts, 2011 - Sarracenia Spiketail",,x,,,,X,,
"Cordulegaster sayi Selys, 1854 - Say’s Spiketail",,x,,,,X,,
"Cordulegaster talaria Tennessen, 2004 - Ouachita Spiketail",,x,,,,X,,
,,,,,,,,
Macromiidae - Cruisers,,,,,,,,
"Didymops floridensis Davis, 1921 - Florida Cruiser",,x,,,,X,,
"Didymops transversa (Say, 1839) - Stream Cruiser",,x,,,,X,,
"Macromia alleghaniensis Williamson, 1909 - Allegheny River Cruiser",,x,,,,X,,
"Macromia annulata Hagen, 1861 - Bronzed River Cruiser",,x,,,,X,,
"Macromia illinoiensis Walsh, 1862 - Swift River Cruiser",,x,,,,X,,
"Macromia magnifica McLachlan in Selys, 1874 - Western River Cruiser",,x,,,,X,,
"Macromia margarita Westfall, 1947 - Mountain River Cruiser",,x,,,,X,,
"Macromia pacifica Hagen, 1861 - Gilded River Cruiser",,x,,,,X,,
"Macromia taeniolata Rambur, 1842 - Royal River Cruiser",,x,,,,X,,
,,,,,,,,
Corduliidae - Emeralds,,,,,,,,
"Cordulia shurtleffii Scudder, 1866 - American Emerald",,x,,,,X,,
"Dorocordulia lepida (Hagen in Selys, 1871) - Petite Emerald",,x,,,,X,,
"Dorocordulia libera (Selys, 1871) - Racket-tailed Emerald",,x,,,,X,,
"Epitheca canis (McLachlan, 1886) - Beaverpond Baskettail",,x,,,,X,,
"Epitheca costalis (Selys, 1871) - Slender Baskettail",,x,,,,X,,
"Epitheca cynosura (Say, 1839) - Common Baskettail",,x,,,,X,,
"Epitheca petechialis (Muttkowski, 1911) - Dot-winged Baskettail",,x,,,,X,,
"Epitheca princeps Hagen, 1861 - Prince Baskettail",,x,,,,X,,
"Epitheca semiaquea (Burmeister, 1839) - Mantled Baskettail",,x,,,,X,,
"Epitheca sepia (Gloyd, 1933) - Sepia Baskettail",,x,,,,X,,
"Epitheca spinigera (Selys, 1871) - Spiny Baskettail",,x,,,,X,,
"Epitheca spinosa (Hagen in Selys, 1878) - Robust Baskettail",,x,,,,X,,
"Epitheca stella (Williamson in Muttkowski, 1911) - Florida Baskettail",,x,,,,X,,
"Helocordulia selysii (Hagen in Selys, 1878) - Selys’s Sundragon",,,x,,,X,,
"Helocordulia uhleri (Selys, 1871) - Uhler’s Sundragon",,,x,,,X,,
"Neurocordulia alabamensis Hodges in Needham and Westfall, 1955 - Alabama Shadowdragon",,x,,,,X,,
"Neurocordulia michaeli Brunelle, 2000 - Broad-tailed Shadowdragon",,x,,,,X,,
"Neurocordulia molesta (Walsh, 1863) - Smoky Shadowdragon",,x,,,,X,,
"Neurocordulia obsoleta (Say, 1839) - Umber Shadowdragon",,x,,,,X,,
"Neurocordulia virginiensis Davis, 1927 - Cinnamon Shadowdragon",,x,,,,X,,
"Neurocordulia xanthosoma (Williamson, 1908) - Orange Shadowdragon",,x,,,,X,,
"Neurocordulia yamaskanensis (Provancher, 1875) - Stygian Shadowdragon",,x,,,,X,,
"Somatochlora albicincta (Burmeister, 1839) - Ringed Emerald",,x,,,,X,,
"Somatochlora brevicincta Robert, 1954 - Quebec Emerald",,x,,,,X,,
"Somatochlora calverti Williamson and Gloyd, 1933 - Calvert’s Emerald",,x,,,,X,,
"Somatochlora cingulata (Selys, 1871) - Lake Emerald",,x,,,,X,,
"Somatochlora elongata (Scudder, 1866) - Ski-tipped Emerald",,x,,,,X,,
"Somatochlora ensigera Martin, 1906 - Plains Emerald",,x,,,,X,,
"Somatochlora filosa (Hagen, 1861) - Fine-lined Emerald",,x,,,,X,,
"Somatochlora forcipata (Scudder, 1866) - Forcipate Emerald",,x,,,,X,,
"Somatochlora franklini (Selys, 1878) - Delicate Emerald",,x,,,,X,,
"Somatochlora georgiana Walker, 1925 - Coppery Emerald",,x,,,,X,,
"Somatochlora hineana Williamson, 1931 - Hine’s Emerald",,x,,,,X,,
"Somatochlora hudsonica (Hagen in Selys, 1871) - Hudsonian Emerald",,x,,,,X,,
"Somatochlora incurvata Walker, 1918 - Incurvate Emerald",,x,,,,X,,
"Somatochlora kennedyi Walker, 1918 - Kennedy’s Emerald",,x,,,,X,,
"Somatochlora linearis (Hagen, 1861) - Mocha Emerald",,x,,,,X,,
"Somatochlora margarita Donnelly, 1962 - Texas Emerald",,x,,,,X,,
"Somatochlora minor Calvert in Harvey, 1898 - Ocellated Emerald",,x,,,,X,,
"Somatochlora ozarkensis Bird, 1933 - Ozark Emerald",,x,,,,X,,
"Somatochlora provocans Calvert, 1903 - Treetop Emerald",,x,,,,X,,
"Somatochlora sahlbergi Trybom, 1889 - Treeline Emerald",,x,,,,X,,
"Somatochlora semicircularis (Selys, 1871) - Mountain Emerald",,x,,,,X,,
"Somatochlora septentrionalis (Hagen, 1861) - Muskeg Emerald",,x,,,,X,,
"Somatochlora tenebrosa (Say, 1839) - Clamp-tipped Emerald",,x,,,,X,,
"Somatochlora walshii (Scudder, 1866) - Brush-tipped Emerald",,x,,,,X,,
"Somatochlora whitehousei Walker, 1925 - Whitehouse’s Emerald",,x,,,,X,,
"Somatochlora williamsoni Walker, 1907 - Williamson’s Emerald",,x,,,,X,,
"Williamsonia fletcheri Williamson, 1923 - Ebony Boghaunter",,x,,,,X,,
"Williamsonia lintneri (Hagen in Selys, 1878) - Ringed Boghaunter",,x,,,,X,,
,,,,,,,,
Libellulidae - Skimmers,,,,,,,,
"Brachymesia furcata (Hagen, 1861) - Red-tailed Pennant",x,,,,X,,,
"Brachymesia gravida (Calvert, 1890) - Four-spotted Pennant",x,,,,X,,,
"Brachymesia herbida (Gundlach, 1889) - Tawny Pennant",x,,,,X,,,
"Brechmorhoga mendax (Hagen, 1861) - Pale-faced Clubskimmer",x,,,,X,,,
"Brechmorhoga pertinax (Hagen, 1861) - Masked Clubskimmer",x,,,,X,,,
"Brechmorhoga praecox (Hagen, 1861) - Slender Clubskimmer",x,,,,X,,,
"Cannaphila insularis Kirby, 1889 - Gray-waisted Skimmer",x,,,,X,,,
"Celithemis amanda (Hagen, 1861) - Amanda’s Pennant",x,,,,X,,,
"Celithemis bertha Williamson, 1922 - Red-veined Pennant",x,,,,X,,,
"Celithemis elisa (Hagen, 1861) - Calico Pennant",x,,,,X,,,
"Celithemis eponina (Drury, 1773) - Halloween Pennant",x,,,,X,,,
"Celithemis fasciata Kirby, 1889 - Banded Pennant",x,,,,X,,,
"Celithemis martha Williamson, 1922 - Martha’s Pennant",x,,,,X,,,
"Celithemis ornata (Rambur, 1842) - Ornate Pennant",x,,,,X,,,
"Celithemis verna Pritchard, 1935 - Double-ringed Pennant",x,,,,X,,,
"Crocothemis servilia (Drury, 1773) - Scarlet Skimmer",x,,,,X,,,
"Dythemis fugax Hagen, 1861 - Checkered Setwing",x,,,,X,,,
"Dythemis maya Calvert, 1906 - Mayan Setwing",x,,,,X,,,
"Dythemis nigrescens Calvert, 1899 - Black Setwing",x,,,,X,,,
"Dythemis velox Hagen, 1861 - Swift Setwing",x,,,,X,,,
"Erythemis attala (Selys in Sagra, 1857) - Black Pondhawk",x,,,,X,,,
"Erythemis collocata (Hagen, 1861) - Western Pondhawk",x,,,,X,,,
"Erythemis mithroides (Brauer, 1900) - Claret Pondhawk",x,,,,X,,,
"Erythemis peruviana (Rambur, 1842) - Flame-tailed Pondhawk",x,,,,X,,,
"Erythemis plebeja (Burmeister, 1839) - Pin-tailed Pondhawk",x,,,,X,,,
"Erythemis simplicicollis (Say, 1839) - Eastern Pondhawk",x,,,,X,,,
"Erythemis vesiculosa (Fabricius, 1775) - Great Pondhawk",x,,,,,,X,
"Erythrodiplax basifusca (Calvert, 1895) - Plateau Dragonlet",x,,,,X,,,
"Erythrodiplax berenice (Drury, 1773) - Seaside Dragonlet",x,,,,X,,,
"Erythrodiplax fervida (Erichson, 1848) - Red-mantled Dragonlet",x,,,,X,,,
"Erythrodiplax funerea (Hagen, 1861) - Black-winged Dragonlet",x,,,,X,,,
"Erythrodiplax fusca (Rambur, 1842) - Red-faced Dragonlet",x,,,,X,,,
"Erythrodiplax minuscula (Rambur, 1842) - Little Blue Dragonlet",x,,,,X,,,
"Erythrodiplax umbrata (Linnaeus, 1758) - Band-winged Dragonlet",x,,,,X,,,
"Idiataphe cubensis (Scudder, 1866) - Metallic Pennant",x,,,,X,,,
"Ladona deplanata (Rambur, 1842) - Blue Corporal",x,,,,X,,,Personal observation
"Ladona exusta (Say, 1839) - White Corporal",x,,,,X,,,Personal observation
"Ladona julia (Uhler, 1857) - Chalk-fronted Corporal",x,,,,X,,,Personal observation
"Leucorrhinia borealis Hagen, 1890 - Boreal Whiteface",x,,,,X,,,Personal observation
"Leucorrhinia frigida Hagen, 1890 - Frosted Whiteface",x,,,,X,,,Personal observation
"Leucorrhinia glacialis Hagen, 1890 - Crimson-ringed Whiteface",x,,,,X,,,Personal observation
"Leucorrhinia hudsonica (Selys, 1850) - Hudsonian Whiteface",x,,,,X,,,Personal observation
"Leucorrhinia intacta (Hagen, 1861) - Dot-tailed Whiteface",x,,,,X,,,Personal observation
"Leucorrhinia patricia Walker, 1940 - Canada Whiteface",x,,,,X,,,Personal observation
"Leucorrhinia proxima Calvert, 1890 - Belted Whiteface",x,,,,X,,,Personal observation
"Libellula auripennis Burmeister, 1839 - Golden-winged Skimmer",x,,,,X,,,
"Libellula axilena Westwood, 1837 - Bar-winged Skimmer",x,,,,X,,,
"Libellula comanche Calvert, 1907 - Comanche Skimmer",x,,,,X,,,
"Libellula composita (Hagen, 1873) - Bleached Skimmer",x,,,,X,,,
"Libellula croceipennis Selys, 1868 - Neon Skimmer",x,,,,X,,,
"Libellula cyanea Fabricius, 1775 - Spangled Skimmer",x,,,,X,,,
"Libellula flavida Rambur, 1842 - Yellow-sided Skimmer",x,,,,X,,,
"Libellula forensis Hagen, 1861 - Eight-spotted Skimmer",x,,,,X,,,
"Libellula gaigei Gloyd, 1938 - Red-mantled Skimmer",x,,,,X,,,
"Libellula incesta Hagen, 1861 - Slaty Skimmer",x,,,,X,,,
"Libellula jesseana Williamson, 1922 - Purple Skimmer",x,,,,X,,,
"Libellula luctuosa Burmeister, 1839 - Widow Skimmer",x,,,,X,,,
"Libellula needhami Westfall, 1943 - Needham’s Skimmer",x,,,,X,,,
"Libellula nodisticta Hagen, 1861 - Hoary Skimmer",x,,,,X,,,
"Libellula pulchella Drury, 1773 - Twelve-spotted Skimmer",x,,,,X,,,
"Libellula quadrimaculata Linnaeus, 1758 - Four-spotted Skimmer",x,,,,X,,,
"Libellula saturata Uhler, 1857 - Flame Skimmer",x,,,,X,,,
"Libellula semifasciata Burmeister, 1839 - Painted Skimmer",x,,,,X,,,
"Libellula vibrans Fabricius, 1793 - Great Blue Skimmer",x,,,,X,,,
"Macrodiplax balteata (Hagen, 1861) - Marl Pennant",x,,,,X,,,
"Macrothemis imitans Karsch, 1890 - Ivory-striped Sylph",x,,,,X,,,
"Macrothemis inacuta Calvert, 1898 - Straw-colored Sylph",x,,,,X,,,
"Macrothemis inequiunguis Calvert, 1895 - Jade-striped Sylph",x,,,,X,,,
"Macrothemis pseudimitans Calvert, 1858 - White-tailed Sylph",x,,,,X,,,
"Miathyria marcella (Selys in Sagra, 1856) - Hyacinth Glider",x,,,,,,X,
"Micrathyria aequalis (Hagen, 1861) - Spot-tailed Dasher",x,,,,X,,,
"Micrathyria didyma (Selys in Sagra, 1857) - Three-striped Dasher",x,,,,X,,,
"Micrathyria dissocians Calvert, 1906 - Caribbean Dasher",x,,,,X,,,
"Micrathyria hagenii Kirby, 1890 - Thornbush Dasher",x,,,,X,,,
"Nannothemis bella (Uhler, 1857) - Elfin Skimmer",x,,,,X,,,
"Orthemis discolor (Burmeister, 1839) - Carmine Skimmer",x,,,,,,X,
"Orthemis ferruginea (Fabricius, 1775) - Roseate Skimmer",x,,,,,,X,
Orthemis sp. - Antillean Skimmer,x,,,,,,X,
"Pachydiplax longipennis (Burmeister, 1839) - Blue Dasher",x,,,,X,,,
"Paltothemis lineatipes Karsch, 1890 - Red Rock Skimmer",x,,,,X,,,
"Pantala flavescens (Fabricius, 1798) - Wandering Glider",,x,,,,X,,
"Pantala hymenaea (Say, 1839) - Spot-winged Glider",,x,,,,X,,
"Perithemis domitia (Drury, 1773) - Slough Amberwing",x,,,,X,,,
"Perithemis intensa Kirby, 1889 - Mexican Amberwing",x,,,,X,,,
"Perithemis tenera (Say, 1839) - Eastern Amberwing",x,,,,X,,,
"Planiplax sanguiniventris (Calvert, 1907) - Mexican Scarlet-tail",x,,,,X,,,
"Plathemis lydia (Drury, 1773) - Common Whitetail",x,,,,X,,,
"Plathemis subornata Hagen, 1861 - Desert Whitetail",x,,,,X,,,
"Pseudoleon superbus (Hagen, 1861) - Filigree Skimmer",x,,,,X,,,
"Sympetrum ambiguum (Rambur, 1842) - Blue-faced Meadowhawk",x,,,,X,,,
"Sympetrum corruptum (Hagen, 1861) - Variegated Meadowhawk",x,,,,X,,,
"Sympetrum costiferum (Hagen, 1861) - Saffron-winged Meadowhawk",x,,,,X,,,
"Sympetrum danae (Sulzer, 1776) - Black Meadowhawk",x,,,,X,,,
"Sympetrum illotum (Hagen, 1861) - Cardinal Meadowhawk",x,,,,X,,,
"Sympetrum internum Montgomery, 1943 - Cherry-faced Meadowhawk",x,,,,X,,,
"Sympetrum madidum (Hagen, 1861) - Red-veined Meadowhawk",x,,,,X,,,
"Sympetrum obtrusum (Hagen, 1867) - White-faced Meadowhawk",x,,,,X,,,
"Sympetrum pallipes (Hagen, 1874) - Striped Meadowhawk",x,,,,X,,,
"Sympetrum rubicundulum (Say, 1839) - Ruby Meadowhawk",x,,,,X,,,
"Sympetrum semicinctum (Say, 1839) - Band-winged Meadowhawk",x,,,,X,,,
"Sympetrum signiferum Cannings and Garrison, 1991 - Spot-winged Meadowhawk",x,,,,X,,,
"Sympetrum vicinum (Hagen, 1861) - Autumn Meadowhawk",x,,,,X,,,
"Tauriphila argo (Hagen, 1869) - Arch-tipped Glider",,x,,,,X,,
"Tauriphila australis (Hagen, 1867) - Garnet Glider",,x,,,,X,,
"Tauriphila azteca Calvert, 1906 - Aztec Glider",,x,,,,X,,
"Tholymis citrina Hagen, 1867 - Evening Skimmer",x,,,,,,X,
"Tramea abdominalis (Rambur, 1842) - Vermilion Saddlebags",,x,,,,x,,Personal observation
"Tramea binotata (Rambur, 1842) - Sooty Saddlebags",,x,,,,x,,Personal observation
"Tramea carolina (Linnaeus, 1763) - Carolina Saddlebags",,x,,,,x,,Personal observation
"Tramea darwini Kirby, 1889 - Striped Saddlebags",,x,,,,x,,Personal observation
"Tramea insularis Hagen, 1861 - Antillean Saddlebags",,x,,,,x,,Personal observation
"Tramea lacerata Hagen, 1861 - Black Saddlebags",,x,,,,x,,Personal observation
"Tramea onusta Hagen, 1861 - Red Saddlebags",,x,,,,x,,Personal observation