Unnamed: 0,0,1,2,3,4,5,6,7,8,9,10,11,12,13,imageID,dorsal_lateral_bad,weightbad,weightdorsal,weightdorsolateral,weightlateral,bad_signifier
0.0,,0.0,1,2,3,4,5,6,imageID,dorsal_lateral_bad,weightbad,weightdorsal,weightdorsolateral,weightlateral,,,,,,,
1.0,0.0,,imageID,dorsal_lateral_bad,weightbad,weightdorsal,weightdorsolateral,weightlateral,,,,,,,,,,,,,
2.0,1.0,0.0,INAT-1835397-3,dorsal,-1.5354502201080322,0.9237267971038818,-0.8929317593574524,0.4504922926425934,,,,,,,,,,,,,
3.0,2.0,1.0,INAT-69672979-1,dorsal,-1.1193699836730957,0.4022708535194397,-0.23203933238983154,-0.13038548827171326,,,,,,,,,,,,,
4.0,3.0,2.0,INAT-14210256-1,lateral,-0.8955383896827698,-1.914751648902893,-0.4381430447101593,2.2941737174987793,,,,,,,,,,,,,
5.0,4.0,3.0,INAT-31769591-2,lateral,0.7775388956069946,-2.0437655448913574,-0.9602575302124023,1.0008209943771362,,,,,,,,,,,,,
6.0,5.0,4.0,INAT-38737602-4,bad,0.9087202548980713,-2.280959367752075,-0.7784531116485596,0.8076143264770508,,,,,,,,,,,,,
7.0,6.0,5.0,INAT-73411438-2,lateral,0.020474623888731003,-1.731479525566101,-0.46366655826568604,1.1064273118972778,,,,,,,,,,,,,
8.0,7.0,6.0,INAT-100509631-3,dorsolateral,-1.1539260149002075,-0.3789506256580353,1.0421528816223145,-0.4818498194217682,,,,,,,,,,,,,
9.0,8.0,7.0,INAT-48275978-1,dorsal,0.5020357370376587,1.8388142585754395,-2.3122496604919434,-1.5216491222381592,,,,,,,,,,,,,
10.0,9.0,8.0,INAT-80506359-1,dorsal,-0.23681774735450745,0.07276240736246109,-0.38259610533714294,-0.4815577566623688,,,,,,,,,,,,,
11.0,0.0,,,,,,,,INAT-17981028-10,dorsal,0.15339131653308868,1.8795381784439087,-1.4825893640518188,-1.7142969369888306,,,,,,,
12.0,1.0,,,,,,,,INAT-32801368-1,bad,0.7163189053535461,0.5252509713172913,-1.363215446472168,-0.8910607099533081,,,,,,,
13.0,2.0,,,,,,,,INAT-53333570-1,lateral,-0.9091120362281799,-0.6825471520423889,-0.550255298614502,1.2370463609695435,,,,,,,
14.0,3.0,,,,,,,,INAT-29306033-2,bad,1.092465877532959,-0.5463606715202332,-1.3209733963012695,-0.03805103152990341,,,,,,,
15.0,4.0,,,,,,,,INAT-31854726-1,bad,0.6113371849060059,-1.3252900838851929,-0.5894315242767334,0.3617134690284729,,,,,,,
16.0,5.0,,,,,,,,INAT-50885852-1,dorsolateral,-1.6949918270111084,0.7354037761688232,0.8973408937454224,-0.7233575582504272,,,,,,,
17.0,6.0,,,,,,,,INAT-47973473-1,dorsal,-0.24840712547302246,0.3384963572025299,-1.2862502336502075,-0.06928319483995438,,,,,,,
18.0,7.0,,,,,,,,INAT-29280013-1,dorsal,-0.03822276368737221,1.085019588470459,-1.7392359972000122,-0.9523648023605347,,,,,,,
19.0,8.0,,,,,,,,INAT-54097608-12,lateral,0.21914049983024597,-0.8567887544631958,-0.485336035490036,0.4444701373577118,,,,,,,
0.0,,,,,,,,,,,,,,,INAT-8598359-5,dorsolateral,-0.3068474233150482,-0.3320125043392181,0.2449198812246322,-0.6313433647155762,
1.0,,,,,,,,,,,,,,,INAT-28982118-1,lateral,0.1660923361778259,-0.2271146774291992,-0.878380537033081,0.2942036390304565,
2.0,,,,,,,,,,,,,,,INAT-84438276-3,bad,0.7372075915336609,-0.1354777514934539,-1.005118727684021,-0.3374500274658203,
3.0,,,,,,,,,,,,,,,INAT-334950-1,dorsolateral,-0.2332227826118469,-0.2896250486373901,0.2960661053657532,-0.5944298505783081,
4.0,,,,,,,,,,,,,,,INAT-16158709-3,bad,0.945648729801178,-1.6298294067382812,-0.6831967830657959,0.3306845724582672,
5.0,,,,,,,,,,,,,,,INAT-51383503-2,bad,0.6537438631057739,-0.7442643046379089,-0.833564281463623,-0.0735620036721229,
6.0,,,,,,,,,,,,,,,INAT-55569543-1,lateral,0.1983080506324768,-2.2459263801574707,-0.695022463798523,1.6594626903533936,
7.0,,,,,,,,,,,,,,,INAT-104549473-1,lateral,-0.7774809002876282,-1.0211083889007568,-0.241732120513916,1.1876341104507446,
8.0,,,,,,,,,,,,,,,INAT-2008407-1,lateral,-0.3804862201213836,-0.5177399516105652,-0.0318965204060077,0.0847755074501037,
,,,,,,,,,,,,,,,INAT-55225611-1,,,,,,0.0
,,,,,,,,,,,,,,,INAT-34063972-2,,,,,,0.0
,,,,,,,,,,,,,,,INAT-21478830-5,,,,,,0.0
,,,,,,,,,,,,,,,INAT-16543662-1,,,,,,0.0
,,,,,,,,,,,,,,,INAT-59018934-2,,,,,,0.0
,,,,,,,,,,,,,,,INAT-26490716-1,,,,,,1.0
,,,,,,,,,,,,,,,INAT-96128906-2,,,,,,0.0
,,,,,,,,,,,,,,,INAT-46973133-3,,,,,,0.0
,,,,,,,,,,,,,,,INAT-36190784-1,,,,,,0.0
,,,,,,,,,,,,,,,INAT-102626453-1,,,,,,0.0
,,,,,,,,,,,,,,,INAT-14083926-2,,,,,,0.0
,,,,,,,,,,,,,,,INAT-15455106-1,,,,,,0.0
,,,,,,,,,,,,,,,INAT-100662170-1,,,,,,0.0
,,,,,,,,,,,,,,,INAT-49385059-1,,,,,,0.0
,,,,,,,,,,,,,,,INAT-98381822-1,,,,,,0.0
,,,,,,,,,,,,,,,INAT-8634584-1,,,,,,0.0
,,,,,,,,,,,,,,,INAT-437649-1,,,,,,0.0
,,,,,,,,,,,,,,,INAT-16264316-6,,,,,,0.0
,,,,,,,,,,,,,,,INAT-59307718-1,,,,,,0.0
,,,,,,,,,,,,,,,INAT-59530752-1,,,,,,0.0
,,,,,,,,,,,,,,,INAT-42134170-2,,,,,,0.0
,,,,,,,,,,,,,,,INATRANDOM-50084399,,,,,,1.0
,,,,,,,,,,,,,,,INAT-90720070-4,,,,,,0.0
,,,,,,,,,,,,,,,INAT-6964484-6,,,,,,0.0
,,,,,,,,,,,,,,,INAT-102690687-1,,,,,,0.0
,,,,,,,,,,,,,,,INAT-26371430-1,,,,,,0.0
,,,,,,,,,,,,,,,INAT-58709322-1,,,,,,0.0
,,,,,,,,,,,,,,,INAT-47649649-1,,,,,,0.0
,,,,,,,,,,,,,,,INAT-29685862-3,,,,,,0.0
,,,,,,,,,,,,,,,INAT-27628336-2,,,,,,0.0
,,,,,,,,,,,,,,,INAT-108141236-2,,,,,,0.0
,,,,,,,,,,,,,,,INAT-66972784-1,,,,,,0.0
,,,,,,,,,,,,,,,INAT-118782356-2,,,,,,0.0
,,,,,,,,,,,,,,,INAT-49247980-1,,,,,,0.0
,,,,,,,,,,,,,,,INAT-61200791-1,,,,,,0.0
,,,,,,,,,,,,,,,INAT-42896190-1,,,,,,1.0
,,,,,,,,,,,,,,,INAT-148476-1,,,,,,0.0
,,,,,,,,,,,,,,,INAT-83329579-1,,,,,,0.0
,,,,,,,,,,,,,,,INAT-31059973-3,,,,,,0.0
,,,,,,,,,,,,,,,INAT-95102428-1,,,,,,0.0
,,,,,,,,,,,,,,,INATRANDOM-44793104,,,,,,0.0
,,,,,,,,,,,,,,,INAT-91943757-3,,,,,,1.0
,,,,,,,,,,,,,,,INAT-55691082-1,,,,,,0.0
,,,,,,,,,,,,,,,INATRANDOM-30640742,,,,,,0.0
,,,,,,,,,,,,,,,INAT-31563316-6,,,,,,0.0
,,,,,,,,,,,,,,,INAT-18468050-1,,,,,,0.0
,,,,,,,,,,,,,,,INAT-66402630-1,,,,,,0.0
,,,,,,,,,,,,,,,INAT-58151519-1,,,,,,0.0
,,,,,,,,,,,,,,,INAT-29668451-1,,,,,,0.0
,,,,,,,,,,,,,,,INAT-63331943-1,,,,,,0.0
,,,,,,,,,,,,,,,INAT-84064760-4,,,,,,0.0
,,,,,,,,,,,,,,,INAT-60974670-1,,,,,,0.0
,,,,,,,,,,,,,,,INAT-7374239-7,,,,,,0.0
,,,,,,,,,,,,,,,INAT-81242098-1,,,,,,0.0
,,,,,,,,,,,,,,,INAT-27386670-2,,,,,,0.0
,,,,,,,,,,,,,,,INAT-4680487-1,,,,,,0.0
,,,,,,,,,,,,,,,INAT-34120936-1,,,,,,0.0
,,,,,,,,,,,,,,,INAT-77001150-1,,,,,,0.0
,,,,,,,,,,,,,,,INAT-53815468-1,,,,,,0.0
,,,,,,,,,,,,,,,INAT-55926916-2,,,,,,0.0
,,,,,,,,,,,,,,,INAT-8755181-1,,,,,,0.0
,,,,,,,,,,,,,,,INAT-7980046-2,,,,,,0.0
,,,,,,,,,,,,,,,INAT-66246030-1,,,,,,0.0
,,,,,,,,,,,,,,,INAT-67640712-1,,,,,,1.0
,,,,,,,,,,,,,,,INAT-24538276-1,,,,,,0.0
,,,,,,,,,,,,,,,INAT-3116420-1,,,,,,0.0
,,,,,,,,,,,,,,,INAT-6707078-1,,,,,,1.0
,,,,,,,,,,,,,,,INAT-15795097-1,,,,,,0.0
,,,,,,,,,,,,,,,INAT-32549517-3,,,,,,0.0
,,,,,,,,,,,,,,,INAT-85362395-2,,,,,,0.0
,,,,,,,,,,,,,,,INAT-105094487-1,,,,,,0.0
,,,,,,,,,,,,,,,INAT-143216-1,,,,,,0.0
,,,,,,,,,,,,,,,INAT-56570683-1,,,,,,0.0
,,,,,,,,,,,,,,,INATRANDOM-93601431,,,,,,0.0
,,,,,,,,,,,,,,,INAT-100136821-2,,,,,,0.0
,,,,,,,,,,,,,,,INAT-7184216-1,,,,,,0.0
,,,,,,,,,,,,,,,INAT-104592427-2,,,,,,0.0
,,,,,,,,,,,,,,,INAT-85989862-1,,,,,,0.0
,,,,,,,,,,,,,,,INAT-26447705-2,,,,,,0.0
,,,,,,,,,,,,,,,INAT-15532183-4,,,,,,0.0
,,,,,,,,,,,,,,,INAT-31777750-1,,,,,,0.0
,,,,,,,,,,,,,,,INAT-95351161-1,,,,,,0.0
,,,,,,,,,,,,,,,INAT-102781983-1,,,,,,0.0
,,,,,,,,,,,,,,,INAT-49059410-1,,,,,,0.0
,,,,,,,,,,,,,,,INAT-100021278-1,,,,,,1.0
,,,,,,,,,,,,,,,INAT-7245000-8,,,,,,0.0
,,,,,,,,,,,,,,,INAT-33626569-1,,,,,,0.0
,,,,,,,,,,,,,,,INAT-84099173-1,,,,,,0.0
,,,,,,,,,,,,,,,INAT-52613042-1,,,,,,0.0
,,,,,,,,,,,,,,,INAT-29462399-3,,,,,,0.0
,,,,,,,,,,,,,,,INAT-88193613-1,,,,,,0.0
,,,,,,,,,,,,,,,INAT-4054344-1,,,,,,0.0
,,,,,,,,,,,,,,,INAT-95704920-1,,,,,,0.0
,,,,,,,,,,,,,,,INAT-102991870-2,,,,,,0.0
,,,,,,,,,,,,,,,INAT-83542534-1,,,,,,0.0
,,,,,,,,,,,,,,,INAT-35239473-1,,,,,,0.0
,,,,,,,,,,,,,,,INAT-42743087-1,,,,,,0.0
,,,,,,,,,,,,,,,INAT-31457681-7,,,,,,0.0
,,,,,,,,,,,,,,,INAT-49175636-1,,,,,,0.0
,,,,,,,,,,,,,,,INATRANDOM-70647864,,,,,,0.0
,,,,,,,,,,,,,,,INAT-96293634-1,,,,,,0.0
,,,,,,,,,,,,,,,INAT-99972731-2,,,,,,0.0
,,,,,,,,,,,,,,,INAT-58412820-1,,,,,,1.0
,,,,,,,,,,,,,,,INATRANDOM-55336380.0,,,,,,0.0
,,,,,,,,,,,,,,,INAT-30261858-1,,,,,,1.0
,,,,,,,,,,,,,,,INAT-30007271-1,,,,,,0.0
,,,,,,,,,,,,,,,INATRANDOM-25814653,,,,,,0.0
,,,,,,,,,,,,,,,INATRANDOM-88595665,,,,,,0.0
,,,,,,,,,,,,,,,INATRANDOM-53171356,,,,,,0.0
,,,,,,,,,,,,,,,INATRANDOM-96818424,,,,,,0.0
,,,,,,,,,,,,,,,INATRANDOM-15119988,,,,,,0.0
,,,,,,,,,,,,,,,INATRANDOM-80190495,,,,,,0.0
,,,,,,,,,,,,,,,INATRANDOM-85683034,,,,,,0.0
,,,,,,,,,,,,,,,INATRANDOM-13902889,,,,,,0.0
,,,,,,,,,,,,,,,INATRANDOM-29289549,,,,,,0.0
,,,,,,,,,,,,,,,INATRANDOM-5535855,,,,,,0.0
,,,,,,,,,,,,,,,INATRANDOM-83013305,,,,,,0.0
,,,,,,,,,,,,,,,INATRANDOM-89250223,,,,,,0.0
,,,,,,,,,,,,,,,INATRANDOM-55853535,,,,,,0.0
,,,,,,,,,,,,,,,INATRANDOM-31514570,,,,,,0.0
,,,,,,,,,,,,,,,INATRANDOM-30397595,,,,,,0.0
,,,,,,,,,,,,,,,INATRANDOM-37821010,,,,,,0.0
,,,,,,,,,,,,,,,INATRANDOM-30946544,,,,,,0.0
,,,,,,,,,,,,,,,INATRANDOM-29427491,,,,,,0.0
,,,,,,,,,,,,,,,INATRANDOM-85795092,,,,,,0.0
,,,,,,,,,,,,,,,INATRANDOM-5261404,,,,,,0.0
,,,,,,,,,,,,,,,INATRANDOM-37821010,,,,,,0.0
,,,,,,,,,,,,,,,INAT-110056117-2,,,,,,0.0
,,,,,,,,,,,,,,,INAT-56486143-2,,,,,,0.0
,,,,,,,,,,,,,,,INATRANDOM-100448511,,,,,,0.0
,,,,,,,,,,,,,,,INAT-3985836-4,,,,,,0.0
,,,,,,,,,,,,,,,INATRANDOM-6900537,,,,,,0.0
,,,,,,,,,,,,,,,INAT-55148780-1,,,,,,0.0
,,,,,,,,,,,,,,,INAT-90852183-1,,,,,,0.0
,,,,,,,,,,,,,,,INATRANDOM-110275636,,,,,,0.0
,,,,,,,,,,,,,,,INAT-16862627-1,,,,,,0.0
,,,,,,,,,,,,,,,INAT-14084695-1,,,,,,0.0
,,,,,,,,,,,,,,,INAT-15480161-3,,,,,,0.0
,,,,,,,,,,,,,,,INAT-34819357-1,,,,,,0.0
,,,,,,,,,,,,,,,INAT-1829796-1,,,,,,0.0
,,,,,,,,,,,,,,,INATRANDOM-5951665,,,,,,0.0
,,,,,,,,,,,,,,,INAT-12472154-4,,,,,,0.0
,,,,,,,,,,,,,,,INAT-1123032-1,,,,,,0.0
,,,,,,,,,,,,,,,INAT-71151242-3,,,,,,1.0
,,,,,,,,,,,,,,,INAT-96852110-1,,,,,,0.0
,,,,,,,,,,,,,,,INAT-32437193-1,,,,,,0.0
,,,,,,,,,,,,,,,INAT-51955073-1,,,,,,0.0
,,,,,,,,,,,,,,,INAT-13023782-1,,,,,,0.0
,,,,,,,,,,,,,,,INAT-33293736-4,,,,,,0.0
,,,,,,,,,,,,,,,INAT-17499937-1,,,,,,0.0
,,,,,,,,,,,,,,,INAT-88422393-4,,,,,,0.0
,,,,,,,,,,,,,,,INAT-28978513-3,,,,,,0.0
,,,,,,,,,,,,,,,INAT-14091326-2,,,,,,0.0
,,,,,,,,,,,,,,,INAT-34318352-2,,,,,,1.0
,,,,,,,,,,,,,,,INAT-81487882-1,,,,,,0.0
,,,,,,,,,,,,,,,INAT-66808738-2,,,,,,0.0
,,,,,,,,,,,,,,,INAT-19885776-1,,,,,,0.0
,,,,,,,,,,,,,,,INAT-13279551-9,,,,,,0.0
,,,,,,,,,,,,,,,INAT-37422925-3,,,,,,0.0
,,,,,,,,,,,,,,,INAT-59728467-1,,,,,,0.0
,,,,,,,,,,,,,,,INAT-64806611-1,,,,,,0.0
,,,,,,,,,,,,,,,INAT-28624652-1,,,,,,0.0
,,,,,,,,,,,,,,,INAT-28443382-2,,,,,,0.0
,,,,,,,,,,,,,,,INAT-116348015-1,,,,,,0.0
,,,,,,,,,,,,,,,INAT-13232969-1,,,,,,0.0
,,,,,,,,,,,,,,,INAT-8016448-1,,,,,,0.0
,,,,,,,,,,,,,,,INAT-101176489-3,,,,,,0.0
,,,,,,,,,,,,,,,INAT-14588979-1,,,,,,0.0
,,,,,,,,,,,,,,,INAT-83960565-1,,,,,,0.0
,,,,,,,,,,,,,,,INAT-87336133-1,,,,,,0.0
,,,,,,,,,,,,,,,INAT-67166856-1,,,,,,0.0
,,,,,,,,,,,,,,,INAT-100882671-1,,,,,,0.0
,,,,,,,,,,,,,,,INATRANDOM-83687937,,,,,,0.0
,,,,,,,,,,,,,,,INAT-57513752-1,,,,,,1.0
,,,,,,,,,,,,,,,INAT-118395395-2,,,,,,0.0
,,,,,,,,,,,,,,,INAT-7696028-1,,,,,,0.0
,,,,,,,,,,,,,,,INAT-3881821-1,,,,,,0.0
,,,,,,,,,,,,,,,INAT-6759899-1,,,,,,1.0
,,,,,,,,,,,,,,,INAT-1126592-1,,,,,,0.0
,,,,,,,,,,,,,,,INAT-56685272-2,,,,,,0.0
,,,,,,,,,,,,,,,INAT-69007526-5,,,,,,0.0
,,,,,,,,,,,,,,,INAT-30391205-1,,,,,,0.0
,,,,,,,,,,,,,,,INAT-34475330-1,,,,,,0.0
,,,,,,,,,,,,,,,INAT-81783350-1,,,,,,0.0
,,,,,,,,,,,,,,,INAT-97928742-1,,,,,,0.0
,,,,,,,,,,,,,,,INAT-15143913-2,,,,,,0.0
,,,,,,,,,,,,,,,INAT-55422922-5,,,,,,0.0
,,,,,,,,,,,,,,,INATRANDOM-2440569,,,,,,0.0
,,,,,,,,,,,,,,,INATRANDOM-27514787,,,,,,0.0
,,,,,,,,,,,,,,,INAT-1631681-2,,,,,,1.0
,,,,,,,,,,,,,,,INAT-1839017-3,,,,,,0.0
,,,,,,,,,,,,,,,INAT-26613766-1,,,,,,1.0
,,,,,,,,,,,,,,,INAT-65287486-2,,,,,,0.0
,,,,,,,,,,,,,,,INAT-94189055-1,,,,,,0.0
,,,,,,,,,,,,,,,INAT-71390928-1,,,,,,0.0
,,,,,,,,,,,,,,,INAT-47848463-1,,,,,,0.0
,,,,,,,,,,,,,,,INAT-27962219-1,,,,,,0.0
,,,,,,,,,,,,,,,INAT-30272417-1,,,,,,0.0
,,,,,,,,,,,,,,,INAT-32294840-2,,,,,,0.0
,,,,,,,,,,,,,,,INATRANDOM-29503641,,,,,,0.0
,,,,,,,,,,,,,,,INAT-38059683-3,,,,,,0.0
,,,,,,,,,,,,,,,INAT-112072696-1,,,,,,0.0
,,,,,,,,,,,,,,,INAT-14584493-2,,,,,,0.0
,,,,,,,,,,,,,,,INAT-108062451-3,,,,,,0.0
,,,,,,,,,,,,,,,INAT-41345250-1,,,,,,0.0
,,,,,,,,,,,,,,,INATRANDOM-14354746,,,,,,0.0
,,,,,,,,,,,,,,,INAT-20372290-2,,,,,,0.0
,,,,,,,,,,,,,,,INAT-93055710-2,,,,,,0.0
,,,,,,,,,,,,,,,INAT-114895408-2,,,,,,0.0
,,,,,,,,,,,,,,,INAT-80468160-3,,,,,,0.0
,,,,,,,,,,,,,,,INAT-103220189-2,,,,,,0.0
,,,,,,,,,,,,,,,INAT-93916425-1,,,,,,0.0
,,,,,,,,,,,,,,,INAT-57891203-1,,,,,,0.0
,,,,,,,,,,,,,,,INAT-100036644-3,,,,,,0.0
,,,,,,,,,,,,,,,INAT-54993384-1,,,,,,0.0
,,,,,,,,,,,,,,,INAT-32631529-3,,,,,,0.0
,,,,,,,,,,,,,,,INAT-32056369-3,,,,,,0.0
,,,,,,,,,,,,,,,INAT-90809465-1,,,,,,0.0
,,,,,,,,,,,,,,,INAT-30977310-1,,,,,,0.0
,,,,,,,,,,,,,,,INAT-97263876-2,,,,,,0.0
,,,,,,,,,,,,,,,INAT-57110482-1,,,,,,0.0
,,,,,,,,,,,,,,,INAT-96224379-1,,,,,,0.0
,,,,,,,,,,,,,,,INAT-7242178-2,,,,,,0.0
,,,,,,,,,,,,,,,INAT-49635633-1,,,,,,0.0
,,,,,,,,,,,,,,,INAT-27543239-4,,,,,,0.0
,,,,,,,,,,,,,,,INAT-23489755-1,,,,,,0.0
,,,,,,,,,,,,,,,INAT-58822865-1,,,,,,0.0
,,,,,,,,,,,,,,,INAT-30200484-1,,,,,,0.0
,,,,,,,,,,,,,,,INAT-52608584-4,,,,,,0.0
,,,,,,,,,,,,,,,INAT-51809454-1,,,,,,0.0
,,,,,,,,,,,,,,,INAT-88936867-1,,,,,,0.0
,,,,,,,,,,,,,,,INAT-42109733-4,,,,,,0.0
,,,,,,,,,,,,,,,INAT-32596780-3,,,,,,0.0
,,,,,,,,,,,,,,,INAT-50027094-3,,,,,,0.0
,,,,,,,,,,,,,,,INAT-49974141-3,,,,,,0.0
,,,,,,,,,,,,,,,INAT-99398913-5,,,,,,0.0
,,,,,,,,,,,,,,,INATRANDOM-30551176,,,,,,0.0
,,,,,,,,,,,,,,,INAT-1831265-2,,,,,,0.0
,,,,,,,,,,,,,,,INAT-64082505-2,,,,,,0.0
,,,,,,,,,,,,,,,INAT-84985471-1,,,,,,0.0
,,,,,,,,,,,,,,,INAT-94427778-1,,,,,,0.0
,,,,,,,,,,,,,,,INAT-54609671-1,,,,,,0.0
,,,,,,,,,,,,,,,INAT-99143585-2,,,,,,0.0
,,,,,,,,,,,,,,,INAT-91536842-1,,,,,,0.0
,,,,,,,,,,,,,,,INAT-32337669-5,,,,,,0.0
,,,,,,,,,,,,,,,INAT-16201575-1,,,,,,0.0
,,,,,,,,,,,,,,,INAT-60540677-1,,,,,,0.0
,,,,,,,,,,,,,,,INAT-1827389-7,,,,,,0.0
,,,,,,,,,,,,,,,INAT-61469013-4,,,,,,0.0
,,,,,,,,,,,,,,,INAT-94110685-1,,,,,,0.0
,,,,,,,,,,,,,,,INAT-32202028-4,,,,,,0.0
,,,,,,,,,,,,,,,INAT-53050399-4,,,,,,0.0
,,,,,,,,,,,,,,,INAT-54297881-1,,,,,,0.0
,,,,,,,,,,,,,,,INAT-19876639-1,,,,,,0.0
,,,,,,,,,,,,,,,INAT-17705662-1,,,,,,0.0
,,,,,,,,,,,,,,,INAT-109691284-2,,,,,,0.0
,,,,,,,,,,,,,,,INAT-51951370-2,,,,,,0.0
,,,,,,,,,,,,,,,INATRANDOM-106410304,,,,,,0.0
,,,,,,,,,,,,,,,INAT-3713350-1,,,,,,0.0
,,,,,,,,,,,,,,,INAT-7257614-2,,,,,,0.0
,,,,,,,,,,,,,,,INAT-32915466-2,,,,,,0.0
,,,,,,,,,,,,,,,INATRANDOM-106200522,,,,,,0.0
,,,,,,,,,,,,,,,INAT-63268343-5,,,,,,0.0
,,,,,,,,,,,,,,,INAT-116848212-1,,,,,,0.0
,,,,,,,,,,,,,,,INATRANDOM-1787603,,,,,,0.0
,,,,,,,,,,,,,,,INAT-18871389-1,,,,,,0.0
,,,,,,,,,,,,,,,INAT-96818069-3,,,,,,0.0
,,,,,,,,,,,,,,,INAT-104597756-1,,,,,,0.0
,,,,,,,,,,,,,,,INAT-21058606-2,,,,,,1.0
,,,,,,,,,,,,,,,INAT-100235252-2,,,,,,0.0
,,,,,,,,,,,,,,,INAT-60341567-1,,,,,,0.0
,,,,,,,,,,,,,,,INAT-57890882-3,,,,,,0.0
,,,,,,,,,,,,,,,INAT-30016870-1,,,,,,0.0
,,,,,,,,,,,,,,,INAT-89779982-1,,,,,,0.0
,,,,,,,,,,,,,,,INAT-85765349-2,,,,,,0.0
,,,,,,,,,,,,,,,INAT-52752432-1,,,,,,0.0
,,,,,,,,,,,,,,,INATRANDOM-5444249,,,,,,0.0
,,,,,,,,,,,,,,,INAT-61914803-1,,,,,,0.0
,,,,,,,,,,,,,,,INAT-28824081-1,,,,,,0.0
,,,,,,,,,,,,,,,INAT-90353504-5,,,,,,0.0
,,,,,,,,,,,,,,,INAT-66521513-1,,,,,,0.0
,,,,,,,,,,,,,,,INAT-48762646-1,,,,,,0.0
,,,,,,,,,,,,,,,INAT-32631729-2,,,,,,0.0
,,,,,,,,,,,,,,,INATRANDOM-82868906,,,,,,0.0
,,,,,,,,,,,,,,,INAT-8878182-1,,,,,,0.0
,,,,,,,,,,,,,,,INAT-101813057-1,,,,,,0.0
,,,,,,,,,,,,,,,INAT-64597897-2,,,,,,0.0
,,,,,,,,,,,,,,,INAT-81359376-1,,,,,,0.0
,,,,,,,,,,,,,,,INAT-65539348-1,,,,,,0.0
,,,,,,,,,,,,,,,INAT-93573082-1,,,,,,0.0
,,,,,,,,,,,,,,,INAT-47315241-1,,,,,,0.0
,,,,,,,,,,,,,,,INAT-7223928-2,,,,,,0.0
,,,,,,,,,,,,,,,INAT-71403607-2,,,,,,0.0
,,,,,,,,,,,,,,,INAT-33466662-3,,,,,,0.0
,,,,,,,,,,,,,,,INAT-16498569-1,,,,,,0.0
,,,,,,,,,,,,,,,INAT-3660534-1,,,,,,0.0
,,,,,,,,,,,,,,,INAT-62086990-1,,,,,,0.0
,,,,,,,,,,,,,,,INAT-27732354-1,,,,,,0.0
,,,,,,,,,,,,,,,INAT-7287791-1,,,,,,0.0
,,,,,,,,,,,,,,,INAT-47337652-2,,,,,,0.0
,,,,,,,,,,,,,,,INAT-54622783-2,,,,,,0.0
,,,,,,,,,,,,,,,INATRANDOM-3365376,,,,,,0.0
,,,,,,,,,,,,,,,INAT-7790337-4,,,,,,0.0
,,,,,,,,,,,,,,,INAT-100500303-1,,,,,,0.0
,,,,,,,,,,,,,,,INAT-81552768-1,,,,,,0.0
,,,,,,,,,,,,,,,INAT-48867979-1,,,,,,0.0
,,,,,,,,,,,,,,,INAT-94837553-1,,,,,,0.0
,,,,,,,,,,,,,,,INAT-32653302-4,,,,,,0.0
,,,,,,,,,,,,,,,INAT-102772742-1,,,,,,0.0
,,,,,,,,,,,,,,,INATRANDOM-31589631,,,,,,0.0
,,,,,,,,,,,,,,,INAT-92446634-2,,,,,,0.0
,,,,,,,,,,,,,,,INAT-97400132-1,,,,,,0.0
,,,,,,,,,,,,,,,INAT-822749-1,,,,,,0.0
,,,,,,,,,,,,,,,INAT-68544269-1,,,,,,0.0
,,,,,,,,,,,,,,,INAT-93603269-1,,,,,,0.0
,,,,,,,,,,,,,,,INAT-50715564-1,,,,,,0.0
,,,,,,,,,,,,,,,INATRANDOM-63542044,,,,,,0.0
,,,,,,,,,,,,,,,INAT-5987592-1,,,,,,0.0
,,,,,,,,,,,,,,,INAT-31479560-1,,,,,,0.0
,,,,,,,,,,,,,,,INAT-16594810-2,,,,,,0.0
,,,,,,,,,,,,,,,INAT-1826069-3,,,,,,0.0
,,,,,,,,,,,,,,,INAT-67116133-2,,,,,,0.0
,,,,,,,,,,,,,,,INAT-7903376-5,,,,,,0.0
,,,,,,,,,,,,,,,INAT-14062241-4,,,,,,0.0
,,,,,,,,,,,,,,,INAT-35969383-1,,,,,,0.0
,,,,,,,,,,,,,,,INAT-82488829-1,,,,,,0.0
,,,,,,,,,,,,,,,INATRANDOM-22390667,,,,,,0.0
,,,,,,,,,,,,,,,INAT-29452018-1,,,,,,0.0
,,,,,,,,,,,,,,,INAT-105429236-8,,,,,,0.0
,,,,,,,,,,,,,,,INAT-27531316-3,,,,,,0.0
,,,,,,,,,,,,,,,INAT-112904624-1,,,,,,0.0
,,,,,,,,,,,,,,,INATRANDOM-59636869,,,,,,0.0
,,,,,,,,,,,,,,,INAT-87603381-1,,,,,,0.0
,,,,,,,,,,,,,,,INAT-107786-2,,,,,,0.0
,,,,,,,,,,,,,,,INATRANDOM-16111370,,,,,,0.0
,,,,,,,,,,,,,,,INAT-69773076-1,,,,,,0.0
,,,,,,,,,,,,,,,INAT-31769842-1,,,,,,0.0
,,,,,,,,,,,,,,,INAT-64806202-4,,,,,,0.0
,,,,,,,,,,,,,,,INAT-27350531-1,,,,,,0.0
,,,,,,,,,,,,,,,INATRANDOM-31475345,,,,,,0.0
,,,,,,,,,,,,,,,INAT-3396454-1,,,,,,0.0
,,,,,,,,,,,,,,,INAT-90786812-2,,,,,,0.0
,,,,,,,,,,,,,,,INAT-86248867-2,,,,,,0.0
,,,,,,,,,,,,,,,INAT-69007526-4,,,,,,0.0
,,,,,,,,,,,,,,,INAT-31404942-1,,,,,,0.0
,,,,,,,,,,,,,,,INAT-31762342-1,,,,,,0.0
,,,,,,,,,,,,,,,INAT-111157468-1,,,,,,0.0
,,,,,,,,,,,,,,,INAT-7174447-1,,,,,,0.0
,,,,,,,,,,,,,,,INAT-34496135-1,,,,,,0.0
,,,,,,,,,,,,,,,INAT-82897578-4,,,,,,0.0
,,,,,,,,,,,,,,,INAT-33689149-1,,,,,,0.0
,,,,,,,,,,,,,,,INAT-17272791-11,,,,,,0.0
,,,,,,,,,,,,,,,INATRANDOM-9887164,,,,,,0.0
,,,,,,,,,,,,,,,INATRANDOM-25423039,,,,,,0.0
,,,,,,,,,,,,,,,INATRANDOM-34738731,,,,,,0.0
,,,,,,,,,,,,,,,INATRANDOM-30484651,,,,,,0.0
,,,,,,,,,,,,,,,INATRANDOM-42295540,,,,,,0.0
,,,,,,,,,,,,,,,INATRANDOM-53951614,,,,,,0.0
,,,,,,,,,,,,,,,INATRANDOM-90540076,,,,,,0.0
,,,,,,,,,,,,,,,INATRANDOM-31762238,,,,,,0.0
,,,,,,,,,,,,,,,INATRANDOM-85842426,,,,,,0.0
,,,,,,,,,,,,,,,INATRANDOM-73253433,,,,,,0.0
,,,,,,,,,,,,,,,INATRANDOM-49906082,,,,,,0.0
,,,,,,,,,,,,,,,INATRANDOM-75094864,,,,,,0.0
,,,,,,,,,,,,,,,INATRANDOM-35958863,,,,,,0.0
,,,,,,,,,,,,,,,INATRANDOM-30187003,,,,,,0.0
,,,,,,,,,,,,,,,INATRANDOM-26620343,,,,,,0.0
,,,,,,,,,,,,,,,INATRANDOM-6364952,,,,,,0.0
,,,,,,,,,,,,,,,INATRANDOM-92294857,,,,,,0.0
,,,,,,,,,,,,,,,INATRANDOM-48927996,,,,,,0.0
,,,,,,,,,,,,,,,INATRANDOM-57501708,,,,,,0.0
,,,,,,,,,,,,,,,INATRANDOM-74102517,,,,,,0.0
,,,,,,,,,,,,,,,INATRANDOM-50735538,,,,,,0.0
,,,,,,,,,,,,,,,INATRANDOM-30511700,,,,,,0.0
,,,,,,,,,,,,,,,INATRANDOM-99673372,,,,,,0.0
,,,,,,,,,,,,,,,INATRANDOM-111679744,,,,,,0.0
,,,,,,,,,,,,,,,INATRANDOM-91312795,,,,,,0.0
,,,,,,,,,,,,,,,INATRANDOM-15296184,,,,,,0.0
,,,,,,,,,,,,,,,INATRANDOM-93113039,,,,,,0.0
,,,,,,,,,,,,,,,INATRANDOM-111789646,,,,,,0.0
,,,,,,,,,,,,,,,INATRANDOM-14123490,,,,,,0.0
,,,,,,,,,,,,,,,INATRANDOM-26747843,,,,,,0.0
,,,,,,,,,,,,,,,INATRANDOM-83637521,,,,,,0.0
,,,,,,,,,,,,,,,INATRANDOM-817901,,,,,,0.0
,,,,,,,,,,,,,,,INATRANDOM-3739776,,,,,,0.0
,,,,,,,,,,,,,,,INATRANDOM-96943008,,,,,,0.0
,,,,,,,,,,,,,,,INATRANDOM-33629963,,,,,,0.0
,,,,,,,,,,,,,,,INATRANDOM-15708556,,,,,,0.0
,,,,,,,,,,,,,,,INATRANDOM-17396628,,,,,,0.0
,,,,,,,,,,,,,,,INATRANDOM-86481604,,,,,,0.0
,,,,,,,,,,,,,,,INATRANDOM-86698899,,,,,,0.0
,,,,,,,,,,,,,,,INATRANDOM-71675849,,,,,,0.0
,,,,,,,,,,,,,,,INATRANDOM-6760366,,,,,,0.0
,,,,,,,,,,,,,,,INATRANDOM-83954921,,,,,,0.0
,,,,,,,,,,,,,,,INATRANDOM-86747929,,,,,,0.0
,,,,,,,,,,,,,,,INATRANDOM-30020645.0,,,,,,0.0
,,,,,,,,,,,,,,,INATRANDOM-12662082,,,,,,0.0
,,,,,,,,,,,,,,,INATRANDOM-98104083,,,,,,1.0
,,,,,,,,,,,,,,,INATRANDOM-114899740.0,,,,,,0.0
,,,,,,,,,,,,,,,INATRANDOM-69696190,,,,,,0.0
,,,,,,,,,,,,,,,INATRANDOM-13618011,,,,,,0.0
,,,,,,,,,,,,,,,INATRANDOM-9914713,,,,,,0.0
,,,,,,,,,,,,,,,INATRANDOM-6923646,,,,,,0.0
,,,,,,,,,,,,,,,INATRANDOM-3897692,,,,,,0.0
,,,,,,,,,,,,,,,INATRANDOM-92962556,,,,,,0.0
,,,,,,,,,,,,,,,INATRANDOM-90559867,,,,,,0.0
,,,,,,,,,,,,,,,INATRANDOM-56040178,,,,,,0.0
,,,,,,,,,,,,,,,INATRANDOM-49636639,,,,,,0.0
,,,,,,,,,,,,,,,INATRANDOM-13252166,,,,,,0.0
,,,,,,,,,,,,,,,INATRANDOM-7294478,,,,,,0.0
,,,,,,,,,,,,,,,INATRANDOM-52002349,,,,,,0.0
,,,,,,,,,,,,,,,INATRANDOM-7314899,,,,,,0.0
,,,,,,,,,,,,,,,INATRANDOM-96726356,,,,,,0.0
,,,,,,,,,,,,,,,INATRANDOM-84336515,,,,,,0.0
,,,,,,,,,,,,,,,INATRANDOM-13142504,,,,,,0.0
,,,,,,,,,,,,,,,INATRANDOM-82753999,,,,,,0.0
,,,,,,,,,,,,,,,INATRANDOM-49182558,,,,,,0.0
,,,,,,,,,,,,,,,INATRANDOM-45117983,,,,,,0.0
,,,,,,,,,,,,,,,INATRANDOM-27693267,,,,,,0.0
,,,,,,,,,,,,,,,INATRANDOM-82986871,,,,,,0.0
,,,,,,,,,,,,,,,INATRANDOM-12639807,,,,,,0.0
,,,,,,,,,,,,,,,INATRANDOM-85941777.0,,,,,,0.0
,,,,,,,,,,,,,,,INATRANDOM-30434323,,,,,,0.0
,,,,,,,,,,,,,,,INATRANDOM-32627665,,,,,,0.0
,,,,,,,,,,,,,,,INATRANDOM-37668681,,,,,,0.0
,,,,,,,,,,,,,,,INATRANDOM-66439899,,,,,,0.0
,,,,,,,,,,,,,,,INATRANDOM-28359190,,,,,,0.0
,,,,,,,,,,,,,,,INATRANDOM-15599780,,,,,,0.0
,,,,,,,,,,,,,,,INATRANDOM-77388018,,,,,,0.0
,,,,,,,,,,,,,,,INATRANDOM-42176189,,,,,,0.0
,,,,,,,,,,,,,,,INATRANDOM-11104698,,,,,,0.0
,,,,,,,,,,,,,,,INATRANDOM-77543388,,,,,,0.0
,,,,,,,,,,,,,,,INATRANDOM-24126477,,,,,,0.0
,,,,,,,,,,,,,,,INATRANDOM-13876951,,,,,,0.0
,,,,,,,,,,,,,,,INATRANDOM-54541090,,,,,,0.0
,,,,,,,,,,,,,,,INATRANDOM-39068374,,,,,,0.0
,,,,,,,,,,,,,,,INATRANDOM-114112033,,,,,,0.0
,,,,,,,,,,,,,,,INATRANDOM-117749920,,,,,,0.0
,,,,,,,,,,,,,,,INATRANDOM-61771405,,,,,,0.0
,,,,,,,,,,,,,,,INATRANDOM-92313555,,,,,,0.0
,,,,,,,,,,,,,,,INATRANDOM-25711605,,,,,,0.0
,,,,,,,,,,,,,,,INATRANDOM-61443384,,,,,,0.0
,,,,,,,,,,,,,,,INATRANDOM-98811103,,,,,,0.0
,,,,,,,,,,,,,,,INATRANDOM-89116712,,,,,,0.0
,,,,,,,,,,,,,,,INATRANDOM-29440930,,,,,,0.0
,,,,,,,,,,,,,,,INATRANDOM-72734184,,,,,,0.0
,,,,,,,,,,,,,,,INATRANDOM-117665070,,,,,,0.0
,,,,,,,,,,,,,,,INATRANDOM-91893537,,,,,,0.0
,,,,,,,,,,,,,,,INATRANDOM-35327937,,,,,,0.0
,,,,,,,,,,,,,,,INATRANDOM-17454158,,,,,,0.0
,,,,,,,,,,,,,,,INATRANDOM-85271685,,,,,,0.0
,,,,,,,,,,,,,,,INATRANDOM-87339959,,,,,,0.0
,,,,,,,,,,,,,,,INAT-18294808-1,,,,,,0.0
,,,,,,,,,,,,,,,INAT-18294808-1,,,,,,0.0
,,,,,,,,,,,,,,,INATRANDOM-26894387.0,,,,,,0.0
,,,,,,,,,,,,,,,INATRANDOM-30832247,,,,,,0.0
,,,,,,,,,,,,,,,INATRANDOM-25782910,,,,,,0.0
,,,,,,,,,,,,,,,INATRANDOM-95832436,,,,,,0.0
,,,,,,,,,,,,,,,INATRANDOM-76494331,,,,,,0.0
,,,,,,,,,,,,,,,INATRANDOM-48302045,,,,,,0.0
,,,,,,,,,,,,,,,INATRANDOM-30311947,,,,,,0.0
,,,,,,,,,,,,,,,INATRANDOM-28420546,,,,,,0.0
,,,,,,,,,,,,,,,INATRANDOM-14129713,,,,,,0.0
,,,,,,,,,,,,,,,INATRANDOM-52306640,,,,,,0.0
,,,,,,,,,,,,,,,INATRANDOM-14379453,,,,,,0.0
,,,,,,,,,,,,,,,INATRANDOM-63658214,,,,,,0.0
,,,,,,,,,,,,,,,INATRANDOM-93460823,,,,,,0.0
,,,,,,,,,,,,,,,INATRANDOM-78933881,,,,,,0.0
,,,,,,,,,,,,,,,INATRANDOM-93529669,,,,,,0.0
,,,,,,,,,,,,,,,INATRANDOM-12502512,,,,,,0.0
,,,,,,,,,,,,,,,INATRANDOM-54287742,,,,,,0.0
,,,,,,,,,,,,,,,INATRANDOM-89716859,,,,,,0.0
,,,,,,,,,,,,,,,INATRANDOM-77824622,,,,,,0.0
,,,,,,,,,,,,,,,INATRANDOM-55001922,,,,,,0.0
,,,,,,,,,,,,,,,INATRANDOM-6873585,,,,,,0.0
,,,,,,,,,,,,,,,INATRANDOM-19796878,,,,,,0.0
,,,,,,,,,,,,,,,INATRANDOM-10423797,,,,,,0.0
,,,,,,,,,,,,,,,INATRANDOM-83115931,,,,,,0.0
,,,,,,,,,,,,,,,INATRANDOM-47909778,,,,,,0.0
,,,,,,,,,,,,,,,INATRANDOM-93601431,,,,,,0.0
,,,,,,,,,,,,,,,INATRANDOM-49148114.0,,,,,,0.0
,,,,,,,,,,,,,,,INATRANDOM-58967652,,,,,,0.0
,,,,,,,,,,,,,,,INATRANDOM-5433210,,,,,,0.0
,,,,,,,,,,,,,,,INATRANDOM-58804605,,,,,,0.0
,,,,,,,,,,,,,,,INATRANDOM-83001430,,,,,,0.0
,,,,,,,,,,,,,,,INATRANDOM-30145263,,,,,,0.0
,,,,,,,,,,,,,,,INATRANDOM-31515882,,,,,,0.0
,,,,,,,,,,,,,,,INATRANDOM-56326703,,,,,,0.0
,,,,,,,,,,,,,,,INATRANDOM-31586008,,,,,,0.0
,,,,,,,,,,,,,,,INATRANDOM-58925983,,,,,,0.0
,,,,,,,,,,,,,,,INATRANDOM-2520916,,,,,,0.0
,,,,,,,,,,,,,,,INATRANDOM-84255862,,,,,,0.0
,,,,,,,,,,,,,,,INATRANDOM-96593333,,,,,,0.0
,,,,,,,,,,,,,,,INATRANDOM-14782176,,,,,,0.0
,,,,,,,,,,,,,,,INATRANDOM-82155624,,,,,,0.0
,,,,,,,,,,,,,,,INATRANDOM-6938473,,,,,,0.0
,,,,,,,,,,,,,,,INATRANDOM-7420944,,,,,,0.0
,,,,,,,,,,,,,,,INATRANDOM-54957349,,,,,,0.0
,,,,,,,,,,,,,,,INATRANDOM-49946202,,,,,,0.0
,,,,,,,,,,,,,,,INATRANDOM-55748886,,,,,,0.0
,,,,,,,,,,,,,,,INATRANDOM-30958027,,,,,,0.0
,,,,,,,,,,,,,,,INATRANDOM-42835567,,,,,,0.0
,,,,,,,,,,,,,,,INATRANDOM-112221227,,,,,,0.0
,,,,,,,,,,,,,,,INATRANDOM-98241595,,,,,,0.0
,,,,,,,,,,,,,,,INATRANDOM-51308485,,,,,,0.0
,,,,,,,,,,,,,,,INATRANDOM-32371525,,,,,,0.0
,,,,,,,,,,,,,,,INATRANDOM-12221075,,,,,,0.0
,,,,,,,,,,,,,,,INATRANDOM-56832823,,,,,,0.0
,,,,,,,,,,,,,,,INATRANDOM-85244171,,,,,,0.0
,,,,,,,,,,,,,,,INATRANDOM-4833494,,,,,,0.0
,,,,,,,,,,,,,,,INATRANDOM-56696821,,,,,,0.0
,,,,,,,,,,,,,,,INATRANDOM-87847843,,,,,,0.0
,,,,,,,,,,,,,,,INATRANDOM-83450371,,,,,,0.0
,,,,,,,,,,,,,,,INATRANDOM-29732457,,,,,,0.0
,,,,,,,,,,,,,,,INATRANDOM-56080858,,,,,,0.0
,,,,,,,,,,,,,,,INATRANDOM-17884784,,,,,,0.0
,,,,,,,,,,,,,,,INATRANDOM-48294146,,,,,,0.0
,,,,,,,,,,,,,,,INATRANDOM-30654558,,,,,,0.0
,,,,,,,,,,,,,,,INATRANDOM-39645577,,,,,,0.0
,,,,,,,,,,,,,,,INATRANDOM-88205744,,,,,,0.0
,,,,,,,,,,,,,,,INATRANDOM-3573130,,,,,,0.0
,,,,,,,,,,,,,,,INATRANDOM-13351408,,,,,,0.0
,,,,,,,,,,,,,,,INATRANDOM-90812969,,,,,,0.0
,,,,,,,,,,,,,,,INATRANDOM-57917731,,,,,,0.0
,,,,,,,,,,,,,,,INATRANDOM-14495373,,,,,,0.0
,,,,,,,,,,,,,,,INATRANDOM-59367319,,,,,,0.0
,,,,,,,,,,,,,,,INATRANDOM-6267857,,,,,,0.0
,,,,,,,,,,,,,,,INATRANDOM-48164271,,,,,,0.0
,,,,,,,,,,,,,,,INATRANDOM-2102574,,,,,,0.0
,,,,,,,,,,,,,,,INATRANDOM-29082645,,,,,,0.0
,,,,,,,,,,,,,,,INATRANDOM-104445001,,,,,,0.0
,,,,,,,,,,,,,,,INATRANDOM-7354020,,,,,,0.0
,,,,,,,,,,,,,,,INATRANDOM-15105156,,,,,,0.0
,,,,,,,,,,,,,,,INATRANDOM-69069721,,,,,,0.0
,,,,,,,,,,,,,,,INATRANDOM-53399962,,,,,,0.0
,,,,,,,,,,,,,,,INATRANDOM-83553070,,,,,,0.0
,,,,,,,,,,,,,,,INATRANDOM-82073613,,,,,,0.0
,,,,,,,,,,,,,,,INATRANDOM-7245904,,,,,,0.0
,,,,,,,,,,,,,,,INATRANDOM-88871415,,,,,,0.0
,,,,,,,,,,,,,,,INATRANDOM-84429664,,,,,,0.0
,,,,,,,,,,,,,,,INATRANDOM-90790644,,,,,,0.0
,,,,,,,,,,,,,,,INATRANDOM-26141585,,,,,,0.0
,,,,,,,,,,,,,,,INATRANDOM-31701823,,,,,,0.0
,,,,,,,,,,,,,,,INATRANDOM-6943463,,,,,,0.0
,,,,,,,,,,,,,,,INATRANDOM-8600413,,,,,,0.0
,,,,,,,,,,,,,,,INATRANDOM-22424016,,,,,,1.0
,,,,,,,,,,,,,,,INATRANDOM-1416533,,,,,,0.0
,,,,,,,,,,,,,,,INATRANDOM-88637564,,,,,,0.0
,,,,,,,,,,,,,,,INATRANDOM-82821225,,,,,,0.0
,,,,,,,,,,,,,,,INATRANDOM-31610716,,,,,,0.0
,,,,,,,,,,,,,,,INATRANDOM-1889320,,,,,,0.0
,,,,,,,,,,,,,,,INATRANDOM-28315935,,,,,,0.0
,,,,,,,,,,,,,,,INATRANDOM-26897533,,,,,,0.0
,,,,,,,,,,,,,,,INATRANDOM-48674897,,,,,,0.0
,,,,,,,,,,,,,,,INATRANDOM-93042711,,,,,,0.0
,,,,,,,,,,,,,,,INATRANDOM-93003232,,,,,,0.0
,,,,,,,,,,,,,,,INATRANDOM-1146948,,,,,,0.0
,,,,,,,,,,,,,,,INATRANDOM-87847843,,,,,,0.0
,,,,,,,,,,,,,,,INATRANDOM-556668,,,,,,0.0
,,,,,,,,,,,,,,,INATRANDOM-6147683,,,,,,0.0
,,,,,,,,,,,,,,,INATRANDOM-81103952,,,,,,0.0
,,,,,,,,,,,,,,,INATRANDOM-82193600,,,,,,0.0
,,,,,,,,,,,,,,,INATRANDOM-2939127,,,,,,0.0
,,,,,,,,,,,,,,,INATRANDOM-48972536,,,,,,0.0
,,,,,,,,,,,,,,,INATRANDOM-52601802,,,,,,0.0
,,,,,,,,,,,,,,,INATRANDOM-110880074,,,,,,0.0
,,,,,,,,,,,,,,,INATRANDOM-54132327,,,,,,0.0
,,,,,,,,,,,,,,,INATRANDOM-4617137,,,,,,0.0
,,,,,,,,,,,,,,,INATRANDOM-29353275,,,,,,0.0
,,,,,,,,,,,,,,,INATRANDOM-1162548,,,,,,0.0
,,,,,,,,,,,,,,,INATRANDOM-83013366,,,,,,0.0
,,,,,,,,,,,,,,,INATRANDOM-25513115,,,,,,0.0
,,,,,,,,,,,,,,,INATRANDOM-1117216,,,,,,0.0
,,,,,,,,,,,,,,,INATRANDOM-28209459,,,,,,0.0
,,,,,,,,,,,,,,,INATRANDOM-48270758,,,,,,0.0
,,,,,,,,,,,,,,,INATRANDOM-30851257,,,,,,0.0
,,,,,,,,,,,,,,,INATRANDOM-53324754,,,,,,0.0
,,,,,,,,,,,,,,,INATRANDOM-16002344,,,,,,0.0
,,,,,,,,,,,,,,,INATRANDOM-15702397,,,,,,0.0
,,,,,,,,,,,,,,,INATRANDOM-4387449,,,,,,0.0
,,,,,,,,,,,,,,,INATRANDOM-5607587,,,,,,0.0
,,,,,,,,,,,,,,,INATRANDOM-25923173,,,,,,0.0
,,,,,,,,,,,,,,,INATRANDOM-94653044,,,,,,0.0
,,,,,,,,,,,,,,,INATRANDOM-14527876,,,,,,0.0
,,,,,,,,,,,,,,,INATRANDOM-28023862,,,,,,0.0
,,,,,,,,,,,,,,,INATRANDOM-81099418,,,,,,0.0
,,,,,,,,,,,,,,,INATRANDOM-3755518,,,,,,0.0
,,,,,,,,,,,,,,,INATRANDOM-54591149,,,,,,0.0
,,,,,,,,,,,,,,,INATRANDOM-84936863,,,,,,0.0
,,,,,,,,,,,,,,,INATRANDOM-108808581,,,,,,0.0
,,,,,,,,,,,,,,,INATRANDOM-87711271,,,,,,0.0
,,,,,,,,,,,,,,,INATRANDOM-18070442,,,,,,0.0
,,,,,,,,,,,,,,,INATRANDOM-31306589,,,,,,0.0
,,,,,,,,,,,,,,,INATRANDOM-10592003,,,,,,0.0
,,,,,,,,,,,,,,,INATRANDOM-94879190,,,,,,0.0
,,,,,,,,,,,,,,,INATRANDOM-102991106,,,,,,0.0
,,,,,,,,,,,,,,,INATRANDOM-30851257,,,,,,0.0
,,,,,,,,,,,,,,,INATRANDOM-50353921,,,,,,0.0
,,,,,,,,,,,,,,,INATRANDOM-6664696,,,,,,0.0
,,,,,,,,,,,,,,,INATRANDOM-25860269,,,,,,0.0
,,,,,,,,,,,,,,,INATRANDOM-7556949,,,,,,0.0
,,,,,,,,,,,,,,,INATRANDOM-95610371,,,,,,0.0
,,,,,,,,,,,,,,,INATRANDOM-54761856,,,,,,0.0
,,,,,,,,,,,,,,,INATRANDOM-16828249,,,,,,0.0
,,,,,,,,,,,,,,,INATRANDOM-8600413,,,,,,0.0
,,,,,,,,,,,,,,,INATRANDOM-29684593,,,,,,0.0
,,,,,,,,,,,,,,,INATRANDOM-37839465,,,,,,0.0
,,,,,,,,,,,,,,,INATRANDOM-34824638,,,,,,0.0
,,,,,,,,,,,,,,,INATRANDOM-49967633,,,,,,0.0
,,,,,,,,,,,,,,,INATRANDOM-26778216,,,,,,0.0
,,,,,,,,,,,,,,,INATRANDOM-83672091,,,,,,0.0
,,,,,,,,,,,,,,,INATRANDOM-49528304,,,,,,0.0
,,,,,,,,,,,,,,,INATRANDOM-29747479,,,,,,0.0
,,,,,,,,,,,,,,,INATRANDOM-89011147,,,,,,0.0
,,,,,,,,,,,,,,,INATRANDOM-92431083,,,,,,0.0
,,,,,,,,,,,,,,,INATRANDOM-7142683,,,,,,0.0
,,,,,,,,,,,,,,,INATRANDOM-28897242,,,,,,0.0
,,,,,,,,,,,,,,,INATRANDOM-15934717,,,,,,0.0
,,,,,,,,,,,,,,,INATRANDOM-7346109,,,,,,0.0
,,,,,,,,,,,,,,,INATRANDOM-31100364,,,,,,0.0
,,,,,,,,,,,,,,,INATRANDOM-96839145,,,,,,0.0
,,,,,,,,,,,,,,,INATRANDOM-45233777,,,,,,0.0
,,,,,,,,,,,,,,,INATRANDOM-88839734,,,,,,0.0
,,,,,,,,,,,,,,,INATRANDOM-27791081,,,,,,0.0
,,,,,,,,,,,,,,,INATRANDOM-5750242,,,,,,0.0
,,,,,,,,,,,,,,,INATRANDOM-25782910,,,,,,0.0
,,,,,,,,,,,,,,,INATRANDOM-84349983,,,,,,0.0
,,,,,,,,,,,,,,,INATRANDOM-3122313,,,,,,0.0
,,,,,,,,,,,,,,,INATRANDOM-7431448,,,,,,0.0
,,,,,,,,,,,,,,,INATRANDOM-117778462,,,,,,0.0
,,,,,,,,,,,,,,,INATRANDOM-25407449,,,,,,0.0
,,,,,,,,,,,,,,,INATRANDOM-72022768,,,,,,0.0
,,,,,,,,,,,,,,,INATRANDOM-14242762,,,,,,0.0
,,,,,,,,,,,,,,,INATRANDOM-1633080,,,,,,0.0
,,,,,,,,,,,,,,,INATRANDOM-55313436,,,,,,0.0
,,,,,,,,,,,,,,,INATRANDOM-47184696,,,,,,0.0
,,,,,,,,,,,,,,,INATRANDOM-98429202,,,,,,0.0
,,,,,,,,,,,,,,,INATRANDOM-60784437,,,,,,0.0
,,,,,,,,,,,,,,,INATRANDOM-61072524,,,,,,0.0
,,,,,,,,,,,,,,,INATRANDOM-81256016,,,,,,0.0
,,,,,,,,,,,,,,,INATRANDOM-53324754,,,,,,0.0
,,,,,,,,,,,,,,,INATRANDOM-1543363,,,,,,0.0
,,,,,,,,,,,,,,,INATRANDOM-6872336,,,,,,0.0
,,,,,,,,,,,,,,,INATRANDOM-18762504,,,,,,0.0
,,,,,,,,,,,,,,,INATRANDOM-44234661,,,,,,0.0
,,,,,,,,,,,,,,,INATRANDOM-23962591,,,,,,0.0
,,,,,,,,,,,,,,,INATRANDOM-398197,,,,,,0.0
,,,,,,,,,,,,,,,INATRANDOM-85804308,,,,,,0.0
,,,,,,,,,,,,,,,INATRANDOM-7447541,,,,,,0.0
,,,,,,,,,,,,,,,INATRANDOM-80607337,,,,,,0.0
,,,,,,,,,,,,,,,INATRANDOM-21536645,,,,,,0.0
,,,,,,,,,,,,,,,INATRANDOM-6250111,,,,,,0.0
,,,,,,,,,,,,,,,INATRANDOM-59577781,,,,,,0.0
,,,,,,,,,,,,,,,INATRANDOM-12758550,,,,,,0.0
,,,,,,,,,,,,,,,INATRANDOM-4505954,,,,,,0.0
,,,,,,,,,,,,,,,INATRANDOM-3897692,,,,,,0.0
,,,,,,,,,,,,,,,INATRANDOM-62748513,,,,,,0.0
,,,,,,,,,,,,,,,INATRANDOM-90987677,,,,,,0.0
,,,,,,,,,,,,,,,INATRANDOM-51523098,,,,,,0.0
,,,,,,,,,,,,,,,INATRANDOM-6442836,,,,,,0.0
,,,,,,,,,,,,,,,INATRANDOM-98257170,,,,,,0.0
,,,,,,,,,,,,,,,INATRANDOM-6346996,,,,,,0.0
,,,,,,,,,,,,,,,INATRANDOM-18551625,,,,,,0.0
,,,,,,,,,,,,,,,INATRANDOM-92297592,,,,,,0.0
,,,,,,,,,,,,,,,INATRANDOM-73690111,,,,,,0.0
,,,,,,,,,,,,,,,INATRANDOM-13339069,,,,,,0.0
,,,,,,,,,,,,,,,INATRANDOM-82762778,,,,,,0.0
,,,,,,,,,,,,,,,INATRANDOM-30247385,,,,,,0.0
,,,,,,,,,,,,,,,INATRANDOM-57725906,,,,,,0.0
,,,,,,,,,,,,,,,INATRANDOM-5947991,,,,,,0.0
,,,,,,,,,,,,,,,INATRANDOM-5433210,,,,,,0.0
,,,,,,,,,,,,,,,INATRANDOM-2007468,,,,,,0.0
,,,,,,,,,,,,,,,INATRANDOM-5831078,,,,,,0.0
,,,,,,,,,,,,,,,INATRANDOM-35428987,,,,,,0.0
,,,,,,,,,,,,,,,INATRANDOM-77765232,,,,,,0.0
,,,,,,,,,,,,,,,INATRANDOM-58925983,,,,,,0.0
,,,,,,,,,,,,,,,INATRANDOM-3494717,,,,,,0.0
,,,,,,,,,,,,,,,INATRANDOM-16735981,,,,,,0.0
,,,,,,,,,,,,,,,INATRANDOM-58895638,,,,,,0.0
,,,,,,,,,,,,,,,INATRANDOM-90344309,,,,,,0.0
